{
  "ambient.weather.thunder": {
    "category": "weather",
    "min_distance": 100.0,
    "sounds": [
      "ambient/weather/thunder1",
      "ambient/weather/thunder2",
      "ambient/weather/thunder3"
    ]
  },
  "ambient.weather.rain": {
    "category": "weather",
    "min_distance": 100.0,
    "sounds": [
      "ambient/weather/rain1",
      "ambient/weather/rain2",
      "ambient/weather/rain3",
      "ambient/weather/rain4"
    ]
  },
  "damage.fallbig": {
    "category": "player",
    "sounds": [
      "damage/fallbig1",
      "damage/fallbig2"
    ]
  },
  "damage.fallsmall": {
    "category": "player",
    "sounds": [
      "damage/fallsmall"
    ]
  },
  "fire.fire": {
    "category": "block",
    "sounds": [
      "fire/fire"
    ]
  },
  "fire.ignite": {
    "category": "block",
    "sounds": [
      "fire/ignite"
    ]
  },
  "liquid.lava": {
    "category": "block",
    "sounds": [
      "liquid/lava"
    ]
  },
  "liquid.lavapop": {
    "category": "block",
    "sounds": [
      "liquid/lavapop"
    ]
  },
  "liquid.water": {
    "category": "block",
    "sounds": [
      "liquid/water"
    ]
  },
  "mob.bat.death": {
    "category": "neutral",
    "sounds": [
      "mob/bat/death"
    ]
  },
  "mob.bat.hurt": {
    "category": "neutral",
    "sounds": [
      "mob/bat/hurt1",
      "mob/bat/hurt2",
      "mob/bat/hurt3",
      "mob/bat/hurt4"
    ]
  },
  "mob.bat.idle": {
    "category": "neutral",
    "sounds": [
      "mob/bat/idle1",
      "mob/bat/idle2",
      "mob/bat/idle3",
      "mob/bat/idle4"
    ]
  },
  "mob.bat.takeoff": {
    "category": "neutral",
    "sounds": [
      "mob/bat/takeoff"
    ]
  },
  "mob.blaze.breathe": {
    "category": "hostile",
    "sounds": [
      "mob/blaze/breathe1",
      "mob/blaze/breathe2",
      "mob/blaze/breathe3",
      "mob/blaze/breathe4"
    ]
  },
  "mob.blaze.death": {
    "category": "hostile",
    "sounds": [
      "mob/blaze/death"
    ]
  },
  "mob.blaze.hit": {
    "category": "hostile",
    "sounds": [
      "mob/blaze/hit1",
      "mob/blaze/hit2",
      "mob/blaze/hit3",
      "mob/blaze/hit4"
    ]
  },
  "mob.chickenhurt": {
    "category": "neutral",
    "sounds": [
      "mob/chicken/hurt1",
      "mob/chicken/hurt2"
    ]
  },
  "mob.chicken": {
    "category": "neutral",
    "sounds": [
      "mob/chicken/say1",
      "mob/chicken/say2"
    ]
  },
  "mob.chicken.plop": {
    "category": "neutral",
    "sounds": [
      "mob/chicken/plop"
    ]
  },
  "mob.cowhurt": {
    "category": "neutral",
    "sounds": [
      "mob/cow/hurt1",
      "mob/cow/hurt2",
      "mob/cow/hurt3"
    ]
  },
  "mob.cow": {
    "category": "neutral",
    "sounds": [
      "mob/cow/say1",
      "mob/cow/say2",
      "mob/cow/say3",
      "mob/cow/say4"
    ]
  },
  "mob.creeperdeath": {
    "category": "hostile",
    "sounds": [
      "mob/creeper/death"
    ]
  },
  "mob.creeper": {
    "category": "hostile",
    "sounds": [
      "mob/creeper/say1",
      "mob/creeper/say2",
      "mob/creeper/say3",
      "mob/creeper/say4"
    ]
  },
  "mob.endermen.death": {
    "category": "hostile",
    "sounds": [
      "mob/endermen/death"
    ]
  },
  "mob.endermen.hit": {
    "category": "hostile",
    "sounds": [
      "mob/endermen/hit1",
      "mob/endermen/hit2",
      "mob/endermen/hit3",
      "mob/endermen/hit4"
    ]
  },
  "mob.endermen.idle": {
    "category": "hostile",
    "sounds": [
      "mob/endermen/idle1",
      "mob/endermen/idle2",
      "mob/endermen/idle3",
      "mob/endermen/idle4",
      "mob/endermen/idle5"
    ]
  },
  "mob.endermen.portal": {
    "category": "hostile",
    "sounds": [
      "mob/endermen/portal",
      "mob/endermen/portal2"
    ]
  },
  "mob.endermen.scream": {
    "category": "hostile",
    "sounds": [
      "mob/endermen/scream1",
      "mob/endermen/scream2",
      "mob/endermen/scream3",
      "mob/endermen/scream4"
    ]
  },
  "mob.endermen.stare": {
    "category": "hostile",
    "sounds": [
      "mob/endermen/stare"
    ]
  },
  "mob.ghast.affectionate_scream": {
    "category": "hostile",
    "sounds": [
      "mob/ghast/affectionate_scream"
    ]
  },
  "mob.ghast.charge": {
    "category": "hostile",
    "sounds": [
      "mob/ghast/charge"
    ]
  },
  "mob.ghast.death": {
    "category": "hostile",
    "sounds": [
      "mob/ghast/death"
    ]
  },
  "mob.ghast.fireball": {
    "category": "hostile",
    "sounds": [
      "mob/ghast/fireball4"
    ]
  },
  "mob.ghast.moan": {
    "category": "hostile",
    "sounds": [
      "mob/ghast/moan1",
      "mob/ghast/moan2",
      "mob/ghast/moan3",
      "mob/ghast/moan4",
      "mob/ghast/moan5",
      "mob/ghast/moan6",
      "mob/ghast/moan7"
    ]
  },
  "mob.ghast.scream": {
    "category": "hostile",
    "sounds": [
      "mob/ghast/scream1",
      "mob/ghast/scream2",
      "mob/ghast/scream3",
      "mob/ghast/scream4",
      "mob/ghast/scream5"
    ]
  },
  "mob.irongolem.throw": {
    "category": "hostile",
    "sounds": [
      "mob/irongolem/throw"
    ]
  },
  "mob.irongolem.death": {
    "category": "hostile",
    "sounds": [
      "mob/irongolem/death"
    ]
  },
  "mob.irongolem.hit": {
    "category": "hostile",
    "sounds": [
      "mob/irongolem/hit1",
      "mob/irongolem/hit2",
      "mob/irongolem/hit3",
      "mob/irongolem/hit4"
    ]
  },
  "mob.irongolem.walk": {
    "category": "hostile",
    "sounds": [
      "mob/irongolem/walk1",
      "mob/irongolem/walk2",
      "mob/irongolem/walk3",
      "mob/irongolem/walk4"
    ]
  },
  "mob.magmacube.big": {
    "category": "hostile",
    "sounds": [
      "mob/magmacube/big1",
      "mob/magmacube/big2",
      "mob/magmacube/big3",
      "mob/magmacube/big4"
    ]
  },
  "mob.magmacube.jump": {
    "category": "hostile",
    "sounds": [
      "mob/magmacube/jump1",
      "mob/magmacube/jump2",
      "mob/magmacube/jump3",
      "mob/magmacube/jump4"
    ]
  },
  "mob.magmacube.small": {
    "category": "hostile",
    "sounds": [
      "mob/magmacube/small1",
      "mob/magmacube/small2",
      "mob/magmacube/small3",
      "mob/magmacube/small4",
      "mob/magmacube/small5"
    ]
  },
  "mob.pigdeath": {
    "category": "neutral",
    "sounds": [
      "mob/pig/death"
    ]
  },
  "mob.pig": {
    "category": "neutral",
    "sounds": [
      "mob/pig/say1",
      "mob/pig/say2",
      "mob/pig/say3"
    ]
  },
  "mob.sheep": {
    "category": "neutral",
    "sounds": [
      "mob/sheep/say1",
      "mob/sheep/say2",
      "mob/sheep/say3"
    ]
  },
  "mob.sheep.shear": {
    "category": "neutral",
    "sounds": [
      "mob/sheep/shear"
    ]
  },
  "mob.silverfish.hit": {
    "category": "hostile",
    "sounds": [
      "mob/silverfish/hit1",
      "mob/silverfish/hit2",
      "mob/silverfish/hit3"
    ]
  },
  "mob.silverfish.kill": {
    "category": "hostile",
    "sounds": [
      "mob/silverfish/kill"
    ]
  },
  "mob.silverfish.say": {
    "category": "hostile",
    "sounds": [
      "mob/silverfish/say1",
      "mob/silverfish/say2",
      "mob/silverfish/say3",
      "mob/silverfish/say4"
    ]
  },
  "mob.skeletonhurt": {
    "category": "hostile",
    "sounds": [
      "mob/skeleton/hurt1",
      "mob/skeleton/hurt2",
      "mob/skeleton/hurt3",
      "mob/skeleton/hurt4"
    ]
  },
  "mob.skeleton": {
    "category": "hostile",
    "sounds": [
      "mob/skeleton/say1",
      "mob/skeleton/say2",
      "mob/skeleton/say3"
    ]
  },
  "mob.skeleton.walk": {
    "category": "hostile",
    "sounds": [
      "mob/skeleton/step1",
      "mob/skeleton/step2",
      "mob/skeleton/step3",
      "mob/skeleton/step4"
    ]
  },
  "mob.slime.big": {
    "category": "hostile",
    "sounds": [
      "mob/slime/big1",
      "mob/slime/big2",
      "mob/slime/big3",
      "mob/slime/big4"
    ]
  },
  "mob.slime.small": {
    "category": "hostile",
    "sounds": [
      "mob/slime/small1",
      "mob/slime/small2",
      "mob/slime/small3",
      "mob/slime/small4",
      "mob/slime/small5"
    ]
  },
  "mob.spiderdeath": {
    "category": "hostile",
    "sounds": [
      "mob/spider/death"
    ]
  },
  "mob.spider": {
    "category": "hostile",
    "sounds": [
      "mob/spider/say1",
      "mob/spider/say2",
      "mob/spider/say3",
      "mob/spider/say4"
    ]
  },
  "mob.spider.walk": {
    "category": "hostile",
    "sounds": [
      "mob/spider/step1",
      "mob/spider/step2",
      "mob/spider/step3",
      "mob/spider/step4"
    ]
  },
  "mob.villager.death": {
    "category": "neutral",
    "sounds": [
      "mob/villager/death"
    ]
  },
  "mob.villager.hit": {
    "category": "neutral",
    "sounds": [
      "mob/villager/hit1",
      "mob/villager/hit2",
      "mob/villager/hit3",
      "mob/villager/hit4"
    ]
  },
  "mob.villager.idle": {
    "category": "neutral",
    "sounds": [
      "mob/villager/idle1",
      "mob/villager/idle2",
      "mob/villager/idle3"
    ]
  },
  "mob.wolf.bark": {
    "category": "neutral",
    "sounds": [
      "mob/wolf/bark1",
      "mob/wolf/bark2",
      "mob/wolf/bark3"
    ]
  },
  "mob.wolf.death": {
    "category": "neutral",
    "sounds": [
      "mob/wolf/death"
    ]
  },
  "mob.wolf.growl": {
    "category": "neutral",
    "sounds": [
      "mob/wolf/growl1",
      "mob/wolf/growl2",
      "mob/wolf/growl3"
    ]
  },
  "mob.wolf.hurt": {
    "category": "neutral",
    "sounds": [
      "mob/wolf/hurt1",
      "mob/wolf/hurt2",
      "mob/wolf/hurt3"
    ]
  },
  "mob.wolf.panting": {
    "category": "neutral",
    "sounds": [
      "mob/wolf/panting"
    ]
  },
  "mob.wolf.shake": {
    "category": "neutral",
    "sounds": [
      "mob/wolf/shake"
    ]
  },
  "mob.wolf.whine": {
    "category": "neutral",
    "sounds": [
      "mob/wolf/whine"
    ]
  },
  "mob.cat.hiss": {
	"category": "neutral",
    "sounds": [
      "mob/cat/hiss1",
	  "mob/cat/hiss2",
	  "mob/cat/hiss3"
    ]
  },
  "mob.cat.hit": {
	"category": "neutral",
    "sounds": [
      "mob/cat/hitt1",
	  "mob/cat/hitt2",
	  "mob/cat/hitt3"
    ]
  },
  "mob.cat.meow": {
	"category": "neutral",
    "sounds": [
      "mob/cat/meow1",
	  "mob/cat/meow2",
	  "mob/cat/meow3",
	  "mob/cat/meow4"
    ]
  },
  "mob.cat.purr": {
	"category": "neutral",
    "sounds": [
      "mob/cat/purr1",
	  "mob/cat/purr2",
	  "mob/cat/purr3"
    ]
  },
  "mob.cat.purreow": {
	"category": "neutral",
    "sounds": [
      "mob/cat/purreow1",
	  "mob/cat/purreow2"
    ]
  },
  "mob.zombiedeath": {
    "category": "hostile",
    "sounds": [
      "mob/zombie/death"
    ]
  },
  "mob.zombiehurt": {
    "category": "hostile",
    "sounds": [
      "mob/zombie/hurt1",
      "mob/zombie/hurt2"
    ]
  },
  "mob.zombie.remedy": {
    "category": "hostile",
    "sounds": [
      "mob/zombie/remedy"
    ]
  },
  "mob.zombie": {
    "category": "hostile",
    "sounds": [
      "mob/zombie/say1",
      "mob/zombie/say2",
      "mob/zombie/say3"
    ]
  },
  "mob.zombie.wood": {
    "category": "hostile",
    "sounds": [
      "mob/zombie/wood1",
      "mob/zombie/wood2",
      "mob/zombie/wood3",
      "mob/zombie/wood4"
    ]
  },
  "mob.zombie.woodbreak": {
    "category": "hostile",
    "sounds": [
      "mob/zombie/woodbreak"
    ]
  },
  "mob.zombiepig.zpig": {
    "category": "hostile",
    "sounds": [
      "mob/zombiepig/zpig1",
      "mob/zombiepig/zpig2",
      "mob/zombiepig/zpig3",
      "mob/zombiepig/zpig4"
    ]
  },
  "mob.zombiepig.zpigangry": {
    "category": "hostile",
    "sounds": [
      "mob/zombiepig/zpigangry1",
      "mob/zombiepig/zpigangry2",
      "mob/zombiepig/zpigangry3",
      "mob/zombiepig/zpigangry4"
    ]
  },
  "mob.zombiepig.zpigdeath": {
    "category": "hostile",
    "sounds": [
      "mob/zombiepig/zpigdeath"
    ]
  },
  "mob.zombiepig.zpighurt": {
    "category": "hostile",
    "sounds": [
      "mob/zombiepig/zpighurt1",
      "mob/zombiepig/zpighurt2"
    ]
  },
  "portal.portal": {
    "category": "block",
    "sounds": [
      "portal/portal"
    ]
  },
  "portal.trigger": {
    "category": "ui",
    "sounds": [
      "portal/trigger"
    ]
  },
  "random.anvil_break": {
    "category": "block",
    "sounds": [
      "random/anvil_break"
    ]
  },
  "random.anvil_land": {
    "category": "block",
    "sounds": [
      "random/anvil_land"
    ]
  },
  "random.anvil_use": {
    "category": "block",
    "sounds": [
      "random/anvil_use"
    ]
  },
  "random.bow": {
    "category": "neutral",
    "sounds": [
      "random/bow"
    ]
  },
  "random.bowhit": {
    "category": "neutral",
    "sounds": [
      "random/bowhit1",
      "random/bowhit2",
      "random/bowhit3",
      "random/bowhit4"
    ]
  },
  "random.break": {
    "category": "player",
    "sounds": [
      "random/break"
    ]
  },
  "random.burp": {
    "category": "player",
    "sounds": [
      "random/burp"
    ]
  },
  "random.chestclosed": {
    "category": "block",
    "sounds": [
      "random/chestclosed"
    ]
  },
  "random.chestopen": {
    "category": "block",
    "sounds": [
      "random/chestopen"
    ]
  },
  "random.click": {
    "category": "ui",
    "sounds": [
      "random/click"
    ]
  },
  "random.door_close": {
    "category": "block",
    "sounds": [
      "random/door_close"
    ]
  },
  "random.door_open": {
    "category": "block",
    "sounds": [
      "random/door_open"
    ]
  },
  "random.drink": {
    "category": "player",
    "sounds": [
      "random/drink"
    ]
  },
  "random.eat": {
    "category": "player",
    "sounds": [
      "random/eat1",
      "random/eat2",
      "random/eat3"
    ]
  },
  "random.explode": {
    "category": "block",
    "sounds": [
      "random/explode"
    ]
  },
  "random.fizz": {
    "category": "block",
    "sounds": [
      "random/fizz"
    ]
  },
  "random.fuse": {
    "category": "block",
    "sounds": [
      "random/fuse"
    ]
  },
  "random.glass": {
    "category": "block",
    "sounds": [
      "random/glass1",
      "random/glass2",
      "random/glass3"
    ]
  },
  "random.levelup": {
    "category": "player",
    "sounds": [
      "random/levelup"
    ]
  },
  "random.orb": {
    "category": "player",
    "sounds": [
      "random/orb"
    ]
  },
  "random.pop": {
    "category": "player",
    "sounds": [
      "random/pop"
    ]
  },
  "random.pop2": {
    "category": "player",
    "sounds": [
      "random/pop2"
    ]
  },
  "random.splash": {
    "category": "player",
    "sounds": [
      "random/splash"
    ]
  },
  "random.hurt": {
    "category": "player",
    "sounds": [
      "random/hurt"
    ]
  },
  "step.ladder": {
    "category": "neutral",
    "sounds": [
      "step/ladder1",
      "step/ladder2",
      "step/ladder3",
      "step/ladder4",
      "step/ladder5"
    ]
  },
"step.cloth": {
    "category": "neutral",
    "sounds": [
      "step/cloth1",
      "step/cloth2",
      "step/cloth3",
      "step/cloth4"
    ]
  },
  "step.grass": {
    "category": "neutral",
    "sounds": [
      "step/grass1",
      "step/grass2",
      "step/grass3",
      "step/grass4"
    ]
  },
  "step.gravel": {
    "category": "neutral",
    "sounds": [
      "step/gravel1",
      "step/gravel2",
      "step/gravel3",
      "step/gravel4"
    ]
  },
  "step.sand": {
    "category": "neutral",
    "sounds": [
      "step/sand1",
      "step/sand2",
      "step/sand3",
      "step/sand4"
    ]
  },
  "step.stone": {
    "category": "neutral",
    "sounds": [
      "step/stone1",
      "step/stone2",
      "step/stone3",
      "step/stone4"
    ]
  },
  "step.wood": {
    "category": "neutral",
    "sounds": [
      "step/wood1",
      "step/wood2",
      "step/wood3",
      "step/wood4"
    ]
  },
  "music.menu": {
    "category": "music",
    "sounds": [
      {
        "name": "music/menu/menu1",
        "stream": true
      },
      {
        "name": "music/menu/menu2",
        "stream": true
      },
      {
        "name": "music/menu/menu3",
        "stream": true
      },
      {
        "name": "music/menu/menu4",
        "stream": true
      }
    ]
  },
  "music.game": {
    "category": "music",
    "sounds": [
      {
        "name": "music/game/calm1",
        "stream": true
      },
      {
        "name": "music/game/calm2",
        "stream": true
      },
      {
        "name": "music/game/calm3",
        "stream": true
      },
      {
        "name": "music/game/hal1",
        "stream": true
      },
      {
        "name": "music/game/hal2",
        "stream": true
      },
      {
        "name": "music/game/hal3",
        "stream": true
      },
      {
        "name": "music/game/hal4",
        "stream": true
      },
      {
        "name": "music/game/nuance1",
        "stream": true
      },
      {
        "name": "music/game/nuance2",
        "stream": true
      },
      {
        "name": "music/game/piano1",
        "stream": true
      },
      {
        "name": "music/game/piano2",
        "stream": true
      },
      {
        "name": "music/game/piano3",
        "stream": true
      }
    ]
  },
  "music.game.creative": {
    "category": "music",
    "sounds": [
      {
        "type": "event",
        "name": "music.game"
      },
      {
        "name": "music/game/creative/creative1",
        "stream": true
      },
      {
        "name": "music/game/creative/creative2",
        "stream": true
      },
      {
        "name": "music/game/creative/creative3",
        "stream": true
      },
      {
        "name": "music/game/creative/creative4",
        "stream": true
      },
      {
        "name": "music/game/creative/creative5",
        "stream": true
      },
      {
        "name": "music/game/creative/creative6",
        "stream": true
      }
    ]
  },
  "music.game.nether": {
    "category": "music",
    "sounds": [
      {
        "name": "music/game/nether/nether1",
        "stream": true
      },
      {
        "name": "music/game/nether/nether2",
        "stream": true
      },
      {
        "name": "music/game/nether/nether3",
        "stream": true
      },
      {
        "name": "music/game/nether/nether4",
        "stream": true
      }
    ]
  }
}