{
	"__comment": "Designed by Sphax for PureBDcraft - http://bdcraft.net",
    "parent": "builtin/generated",
    "textures": {
        "layer0": "items/stone_shovel"
    },
	"display": {
		"thirdperson_righthand": {
			"rotation": [ 45, 90, 0 ],
			"translation": [ 0, 3, 1.5 ],
			"scale": [ 0.68, 0.68, 0.68 ]
		},
		"firstperson_righthand": {
			"rotation": [ -60, -90, 0 ],
			"translation": [ -2, 4.5, 3.5 ],
			"scale": [ 0.5, 0.5, 0.5 ]
		},
		"fixed": {
			"rotation": [ 0, 0, 0 ],
			"translation": [ 0, 0, 0 ],
			"scale": [ 0.8, 0.8, 0.8 ]
		},
		"ground": {
			"rotation": [ 0, 0, 0 ],
			"translation": [ 0, 2, 0 ],
			"scale": [ 0.5, 0.5, 0.5 ]
		}
	}
}
