{
	"__comment": "Designed by Eskimojo14 with Cubik Studio - http://bdcraft.net",
	"textures": {
		"particle": "blocks/glass",
		"edge": "blocks/glass_pane_top"
	},
	"elements": [
		{
			"from": [ 7, 0, 7 ],
			"to": [ 9, 16, 9 ],
			"shade": false,
			"faces": {
				"down": { "uv": [ 7, 14, 9, 16 ], "texture": "#edge", "cullface": "down" },
				"up": { "uv": [ 7, 0, 9, 2 ], "texture": "#edge", "cullface": "up" },
				"north": { "uv": [ 7, 0, 9, 16 ], "texture": "#edge" },
				"south": { "uv": [ 7, 0, 9, 16 ], "texture": "#edge" },
				"west": { "uv": [ 7, 0, 9, 16 ], "texture": "#edge" },
				"east": { "uv": [ 7, 0, 9, 16 ], "texture": "#edge" }
			}
		}
	]
}