{
	"__comment": "Designed by Sphax with Cubik for PureBDcraft - http://bdcraft.net",
	"ambientocclusion": false,
	"textures": {
		"particle": "blocks/itemframe_background",
		"frame": "blocks/itemframe_background"
	},
	"elements": [
		{
			"from": [ 0, 0, 15 ],
			"to": [ 16, 16, 16 ],
			"faces": {
				"down": { "uv": [ 12.5, 14.25, 14.25, 16 ], "texture": "#frame" },
				"up": { "uv": [ 12.5, 14.25, 14.25, 16 ], "texture": "#frame" },
				"north": { "uv": [ 0, 0, 16, 16 ], "texture": "#frame" },
				"west": { "uv": [ 14.25, 10, 16, 11.75 ], "texture": "#frame" },
				"east": { "uv": [ 14.25, 10, 16, 11.75 ], "texture": "#frame" }
			}
		},
		{
			"from": [ 0, 0, 15 ],
			"to": [ 16, 1, 16 ],
			"faces": {
				"south": { "uv": [ 0, 15, 16, 16 ], "texture": "#frame" }
			}
		},
		{
			"from": [ 15, 1, 15 ],
			"to": [ 16, 15, 16 ],
			"faces": {
				"south": { "uv": [ 15, 1, 16, 15 ], "texture": "#frame" }
			}
		},
		{
			"from": [ 0, 15, 15 ],
			"to": [ 16, 16, 16 ],
			"faces": {
				"south": { "uv": [ 0, 0, 16, 1 ], "texture": "#frame" }
			}
		},
		{
			"from": [ 0, 1, 15 ],
			"to": [ 1, 15, 16 ],
			"faces": {
				"south": { "uv": [ 0, 1, 1, 15 ], "texture": "#frame" }
			}
		},
		{
			"from": [ 1, 1, 15 ],
			"to": [ 15, 15, 16 ],
			"faces": {
				"south": { "uv": [ 1, 1, 1, 1.5 ], "texture": "#frame" }
			}
		}
	]
}