{
"__comment": "Designed by the resident Inuit with BDcraft Cubik PRO 0.96 Beta - http://bdcraft.net",
"textures": {
	"particle": "blocks/repeater_off",
    "top": "blocks/bdc_repeater_off",
    "bdc_repeater": "blocks/bdc_repeater",
    "bottom": "blocks/bdc_repeater_bottom"
},
"elements": [ 
{
    "from": [ 0, 0, 0 ],
    "to": [ 16, 2, 7 ],
    "faces": {
        "down":  { "uv": [ 16, 7, 0, 0 ], "texture": "#bottom" },
        "up":    { "uv": [ 0, 0, 16, 7 ], "texture": "#top" },
        "north": { "uv": [ 0, 12, 16, 14 ], "texture": "#bdc_repeater" },
        "south": { "uv": [ 0, 12, 16, 14 ], "texture": "#bdc_repeater" },
        "west":  { "uv": [ 0, 14, 7, 16 ], "texture": "#bdc_repeater" },
        "east":  { "uv": [ 9, 14, 16, 16 ], "texture": "#bdc_repeater" }
    }
},
{
    "from": [ 2, 0, 7 ],
    "to": [ 14, 2, 9 ],
    "faces": {
        "down":  { "uv": [ 14, 9, 2, 7 ], "texture": "#bottom" },
        "up":    { "uv": [ 2, 7, 14, 9 ], "texture": "#top" },
        "west":  { "uv": [ 7, 14, 9, 16 ], "texture": "#bdc_repeater" },
        "east":  { "uv": [ 7, 14, 9, 16 ], "texture": "#bdc_repeater" }
    }
},
{
    "from": [ 0, 0, 9 ],
    "to": [ 16, 2, 16 ],
    "faces": {
        "down":  { "uv": [ 16, 16, 0, 9 ], "texture": "#bottom" },
        "up":    { "uv": [ 0, 9, 16, 16 ], "texture": "#top" },
        "north": { "uv": [ 0, 12, 16, 14 ], "texture": "#bdc_repeater" },
        "south": { "uv": [ 0, 12, 16, 14 ], "texture": "#bdc_repeater" },
        "west":  { "uv": [ 9, 14, 16, 16 ], "texture": "#bdc_repeater" },
        "east":  { "uv": [ 0, 14, 7, 16 ], "texture": "#bdc_repeater" }
    }
},
{
    "from": [ 6, 2, 3 ],
    "to": [ 10, 4, 13 ],
    "faces": {
        "up":    { "uv": [ 0, 0, 4, 10 ], "texture": "#bdc_repeater" },
        "north": { "uv": [ 4, 8, 8, 10 ], "texture": "#bdc_repeater" },
        "south": { "uv": [ 4, 8, 8, 10 ], "texture": "#bdc_repeater" },
        "west":  { "uv": [ 0, 10, 10, 12 ], "texture": "#bdc_repeater" },
        "east":  { "uv": [ 0, 10, 10, 12 ], "texture": "#bdc_repeater" }
    }
},
{
    "from": [ 7, 4, 8 ],
    "to": [ 9, 6, 10 ],
    "faces": {
        "up":    { "uv": [ 14, 4, 16, 6 ], "texture": "#bdc_repeater" },
        "north": { "uv": [ 1, 1, 3, 3 ], "texture": "#bdc_repeater" },
        "south": { "uv": [ 1, 1, 3, 3 ], "texture": "#bdc_repeater" },
        "west":  { "uv": [ 1, 1, 3, 3 ], "texture": "#bdc_repeater" },
        "east":  { "uv": [ 1, 1, 3, 3 ], "texture": "#bdc_repeater" }
    }
},
{
    "from": [ 12, 2, 3 ],
    "to": [ 14, 3, 5 ],
    "faces": {
        "up":    { "uv": [ 14, 4, 16, 6 ], "texture": "#bdc_repeater" },
        "north": { "uv": [ 1, 1, 3, 2 ], "texture": "#bdc_repeater" },
        "south": { "uv": [ 1, 1, 3, 2 ], "texture": "#bdc_repeater" },
        "west":  { "uv": [ 1, 1, 3, 2 ], "texture": "#bdc_repeater" },
        "east":  { "uv": [ 1, 1, 3, 2 ], "texture": "#bdc_repeater" }
    }
}
]
}