{
"__comment": "Designed by Sphax with BDcraft Cubik PRO 0.76 Beta - http://bdcraft.net",
"ambientocclusion": false,
"textures": {
    "particle": "blocks/door_spruce_upper",
    "top": "blocks/door_spruce_upper"
},
"elements": [ 
{
    "from": [ 0, 0, 12.25 ],
    "to": [ 3, 1.5, 13.75 ],
    "faces": {
        "up":    { "uv": [ 12.25, 14.5, 13.75, 15 ], "texture": "#top" },
        "north": { "uv": [ 12.25, 14.5, 12.75, 16 ], "texture": "#top" },
        "south": { "uv": [ 13.5, 14.5, 13.75, 16 ], "texture": "#top" },
        "west":  { "uv": [ 12.25, 14.5, 13.75, 16 ], "texture": "#top" },
        "east":  { "uv": [ 13.75, 14.5, 12.25, 16 ], "texture": "#top" }
    }
},
{
    "from": [ 0, 10, 0 ],
    "to": [ 3, 12, 2 ],
    "faces": {
        "down":  { "uv": [ 0, 6, 2, 5.5 ], "texture": "#top" },
        "up":    { "uv": [ 0, 4, 2, 4.5 ], "texture": "#top" },
        "north": { "uv": [ 0, 4, 0.5, 6 ], "texture": "#top" },
        "south": { "uv": [ 1.5, 4, 2, 6 ], "texture": "#top" },
        "west":  { "uv": [ 0, 4, 2, 6 ], "texture": "#top" },
        "east":  { "uv": [ 2, 4, 0, 6 ], "texture": "#top" }
    }
},
{
    "from": [ 0.5, 0, 0 ],
    "to": [ 2.5, 16, 16 ],
    "faces": {
        "up":    { "uv": [ 16, 8.5, 14, 9 ], "rotation": 180, "texture": "#top" },
        "north": { "uv": [ 0.5, 0, 0, 16 ], "texture": "#top" },
        "south": { "uv": [ 14, 7, 16, 12 ], "texture": "#top" },
        "west":  { "uv": [ 0, 0, 16, 16 ], "texture": "#top" },
        "east":  { "uv": [ 16, 0, 0, 16 ], "texture": "#top" }
    }
},
{
    "from": [ 0, 0, 0 ],
    "to": [ 3, 1, 2 ],
    "faces": {
        "up":    { "uv": [ 0, 15, 2, 15.5 ], "texture": "#top" },
        "north": { "uv": [ 0, 15, 0.5, 16 ], "texture": "#top" },
        "south": { "uv": [ 1.5, 15, 2, 16 ], "texture": "#top" },
        "west":  { "uv": [ 0, 15, 2, 16 ], "texture": "#top" },
        "east":  { "uv": [ 2, 15, 0, 16 ], "texture": "#top" }
    }
}
]
}