{
"__comment": "Designed by the resident Inuit with BDcraft Cubik PRO 0.95 Beta - http://bdcraft.net",
"textures": {
    "particle": "blocks/stone_slab_top",
    "texture": "blocks/bdc_switches"
},
"elements": [ 
{
    "from": [ 5, 0, 6 ],
    "to": [ 11, 2, 10 ],
    "faces": {
        "down":  { "uv": [ 10, 14, 16, 10 ], "rotation": 180, "texture": "#texture", "cullface": "down" },
        "up":    { "uv": [ 10, 10, 16, 14 ], "rotation": 180, "texture": "#texture" },
        "north": { "uv": [ 16, 16, 10, 14 ], "rotation": 180, "texture": "#texture" },
        "south": { "uv": [ 10, 14, 16, 16 ], "rotation": 180, "texture": "#texture" },
        "west":  { "uv": [ 6, 14, 10, 12 ], "rotation": 180, "texture": "#texture" },
        "east":  { "uv": [ 10, 12, 6, 14 ], "rotation": 180, "texture": "#texture" }
    }
}
]
}