{
"__comment": "Designed by Sphax with Cubik for PureBDcraft - http://bdcraft.net",
"parent": "block/block",
"textures": {
    "particle": "blocks/redstone_lamp_off",
    "side": "blocks/redstone_lamp_off",
    "top": "blocks/redstone_lamp_top_off"
},
"elements": [ 
{
    "from": [ 0, 0, 0 ],
    "to": [ 16, 16, 16 ],
    "faces": {
        "down":  { "uv": [ 0, 16, 16, 0 ], "texture": "#top" },
        "up":    { "uv": [ 0, 0, 16, 16 ], "texture": "#top" },
        "north": { "uv": [ 16, 0, 0, 16 ], "texture": "#side" },
        "south": { "uv": [ 0, 0, 16, 16 ], "texture": "#side" },
        "west":  { "uv": [ 0, 0, 16, 16 ], "texture": "#side" },
        "east":  { "uv": [ 16, 0, 0, 16 ], "texture": "#side" }
    }
}
]
}