{
"__comment": "Designed by the resident Inuit with BDcraft Cubik PRO 0.95 Beta - http://bdcraft.net",
"textures": {
    "particle": "blocks/bdc_pressure_wood",
    "texture": "blocks/bdc_switches"
},
"elements": [ 
{
    "from": [ 5, 0, 6 ],
    "to": [ 11, 2, 10 ],
    "faces": {
        "down":  { "uv": [ 0, 14, 6, 10 ], "rotation": 180, "texture": "#texture", "cullface": "down" },
        "up":    { "uv": [ 0, 10, 6, 14 ], "rotation": 180, "texture": "#texture" },
        "north": { "uv": [ 6, 16, 0, 14 ], "rotation": 180, "texture": "#texture" },
        "south": { "uv": [ 0, 14, 6, 16 ], "rotation": 180, "texture": "#texture" },
        "west":  { "uv": [ 6, 16, 10, 14 ], "rotation": 180, "texture": "#texture" },
        "east":  { "uv": [ 10, 14, 6, 16 ], "rotation": 180, "texture": "#texture" }
    }
}
]
}