{
  "namespace": "bdcraft",

  "button": {
    "type": "button",
    "layer": 1,
    "size": [ 100, 20 ],
    "sound_name": "random.click",
    "sound_volume": 1.0,
    "sound_pitch": 1.0,
    "default_control": "default",
    "hover_control": "hover",
    "pressed_control": "pressed",
    "focus_enabled": true,
    "button_mappings": [
      {
        "from_button_id": "button.menu_select",
        "to_button_id": "$pressed_button_name",
        "mapping_type": "pressed"
      },
      {
        "from_button_id": "button.menu_ok",
        "to_button_id": "$pressed_button_name",
        "mapping_type": "focused"
      }
    ]
  },
  
  "play_button": {
    "type": "image",
    "texture": "gui/bdcraft/play.png",
    "layer": 2,
    "uv_size": [ 500, 80 ]
  },

  "play_default@play_button": {
    "uv": [ 0, 0 ]
  },

  "play_hover@play_button": {
    "uv": [ 0, 80 ]
  },

  "play_pressed@play_button": {
    "uv": [ 0, 80 ]
  },
  
  "options_button": {
    "type": "image",
    "texture": "gui/bdcraft/options.png",
    "layer": 2,
    "uv_size": [ 200, 80 ]
  },

  "options_default@options_button": {
    "uv": [ 0, 0 ]
  },

  "options_hover@options_button": {
    "uv": [ 0, 80 ]
  },

  "options_pressed@options_button": {
    "uv": [ 0, 80 ]
  },
  
  "skins_button": {
    "type": "image",
    "texture": "gui/bdcraft/skins.png",
    "layer": 2,
    "uv_size": [ 200, 80 ]
  },

  "skins_default@skins_button": {
    "uv": [ 0, 0 ]
  },

  "skins_hover@skins_button": {
    "uv": [ 0, 80 ]
  },

  "skins_pressed@skins_button": {
    "uv": [ 0, 80 ]
  },
  
  "small_button": {
    "type": "image",
    "texture": "gui/bdcraft/small.png",
    "layer": 2,
    "uv_size": [ 80, 80 ]
  },

  "small_default@small_button": {
    "uv": [ 0, 0 ]
  },

  "small_hover@small_button": {
    "uv": [ 0, 80 ]
  },

  "small_pressed@small_button": {
    "uv": [ 0, 80 ]
  },
  
  "back_button": {
    "type": "image",
    "texture": "gui/bdcraft/back.png",
    "layer": 2,
    "uv_size": [ 260, 80 ]
  },

  "back_default@back_button": {
    "uv": [ 0, 0 ]
  },

  "back_hover@back_button": {
    "uv": [ 0, 80 ]
  },

  "back_pressed@back_button": {
    "uv": [ 0, 80 ]
  }
}