{
"textures": {
    "particle": "blocks/piston_side",
    "side": "blocks/piston_side",
    "platform": "#platform",
    "bottom": "blocks/piston_bottom",
    "side_d": "blocks/piston_side_d",
    "side_l": "blocks/piston_side_l",
    "side_r": "blocks/piston_side_r"
},
"elements": [ 
{
    "from": [ 0, 0, 0 ],
    "to": [ 16, 16, 16 ],
    "faces": {
        "down":  { "uv": [ 0, 0, 16, 16 ], "texture": "#side", "cullface": "down" },
        "up":    { "uv": [ 0, 0, 16, 16 ], "texture": "#side_d", "cullface": "up" },
        "north": { "uv": [ 0, 0, 16, 16 ], "texture": "#bottom", "cullface": "north" },
        "south": { "uv": [ 0, 0, 16, 16 ], "texture": "#platform", "cullface": "south" },
        "west":  { "uv": [ 0, 0, 16, 16 ], "texture": "#side_r", "cullface": "west" },
        "east":  { "uv": [ 0, 0, 16, 16 ], "texture": "#side_l", "cullface": "east" }
    }
}
]
}