{
  "namespace": "disconnect",

  "disconnect_screen_text": {
    "type": "label",
    "size": [ "default", 30 ],
    "max_size": [ "100% - 20px", 30 ],
    "anchor_to": "center",
    "anchor_from": "center",
    "layer": 2,
    "shadow": false
  },

  "disconnect_text@disconnect.disconnect_screen_text": {
    "offset": [ 0, -40 ],
    "text": "#disconnect_text",
    "bindings": [
      { "binding_name": "#disconnect_text" }
    ]
  },

  "disconnect_title_text@disconnect.disconnect_screen_text": {
    "size": [ "default", 10 ],
    "max_size": [ "100% - 20px", 10 ],
    "offset": [ 0, -10 ],
    "text": "#title_text",
    "bindings": [
      {
        "binding_name": "#title_text",
        "binding_condition": "visible"
      }
    ]
  },

  "title_panel": {
    "type": "panel",
    "size": [ "100%", "100%" ],
    "anchor_from": "center",
    "anchor_to": "center",
    "controls": [
      {
        "@disconnect.disconnect_title_text": { }
      },
      {
        "@disconnect.disconnect_text": { }
      }
    ]
  },

  "ok_button_text@disconnect.disconnect_screen_text": {
    "type": "label",
    "layer": 4,
    "text": "gui.ok",
    "shadow": false,
    "size": [ "default", "default" ]
  },

  "menu_button@common.button": {
    "$pressed_button_name": "button.menu_exit",
    "$btn_label": "@disconnect.ok_button_text",
    "size": [ 128, 26 ],
    "offset": [ 0, 21 ],
    "controls": [
      {
        "default@$button_state_default_base": {
          "controls": [
            {
              "$btn_label": {
                "color": [ 1.0, 1.0, 1.0, 1.0 ]
              }
            }
          ]
        }
      },
      {
        "hover@$button_state_hover_base": {
          "controls": [
            {
              "$btn_label": {
                "color": [ 1.0, 1.0, 0.0, 1.0 ]
              }
            }
          ]
        }
      },
      {
        "pressed@$button_state_pressed_base": {
          "controls": [
            {
              "$btn_label": {
                "color": [ 1.0, 1.0, 0.0, 1.0 ],
                "alpha": 0.65
              }
            }
          ]
        }
      }
    ]
  },

  "button_panel": {
    "type": "panel",
    "size": [ "100%", "100%" ],
    "anchor_from": "center",
    "anchor_to": "center",
    "controls": [
      {
        "@disconnect.menu_button": {
          "$btn_label": "@disconnect.ok_button_text"
        }
      }
    ]
  },

  "gamepad_helpers": {
    "type": "panel",
    "size": [ 100, 10 ],
    "offset": [ 0, "45%" ],
    "controls": [
      {
        "@common.gamepad_helper_a": {
          "anchor_from": "center",
          "anchor_to": "center"
        }
      }
    ]
  },

  "disconnect_screen@common.base_screen": {
    "button_mappings": [
      {
        "from_button_id": "button.menu_cancel",
        "to_button_id": "button.menu_exit",
        "mapping_type": "global"
      }
    ],
    "$screen_content": "disconnect.disconnect_screen_content",
    "$button_layout": "@disconnect.button_panel",
    "$background|default": "common.dirt_background"
  },

  "disconnect_screen_content": {
    "type": "panel",
    "variables": [
      {
        "requires": "$desktop_screen",
        "$button_state_default_base": "common.button_state_default",
        "$button_state_hover_base": "common.button_state_hover",
        "$button_state_pressed_base": "common.button_state_pressed",
        "$render_dirt_bg": true
      },
      {
        "requires": "$pocket_screen",
        "$button_state_default_base": "common-classic.button_state_default",
        "$button_state_hover_base": "common-classic.button_state_hover",
        "$button_state_pressed_base": "common-classic.button_state_pressed",
        "$render_dirt_bg": true
      }
    ],
    "controls": [
      {
        "@$background": {
          "visible": "$render_dirt_bg"
        }
      },
      {
        "@disconnect.title_panel": { }
      },
      {
        "@disconnect.gamepad_helpers": { }
      },
      {
        "$button_layout": { }
      }
    ]
  },

  // Realms Disconnect Screen

  "realms_disconnect_screen@disconnect.disconnect_screen": {
    "button_mappings": [
      {
        "from_button_id": "button.menu_select",
        "to_button_id": "button.menu_select",
        "mapping_type": "pressed"
      },
      {
        "from_button_id": "button.menu_cancel",
        "to_button_id": "button.menu_exit",
        "mapping_type": "global"
      }
    ],
    "$button_layout": "@disconnect.realms_button_panel"
  },

  "realms_button_panel": {
    "type": "stack_panel",
    "size": [ "100%c", 0 ],
    "orientation": "horizontal",
    "controls": [
      {
        "@disconnect.menu_button": {
          "ignored": "$is_holographic",
          "$pressed_button_name": "button.menu_check_store",
          "$btn_label": "@disconnect.check_store_button_text"
        }
      },
      {
        "@spacing_gap": {
          "ignored": "$is_holographic"
        }
      },
      {
        "@disconnect.menu_button": {
          "$btn_label": "@disconnect.back_button_text"
        }
      }
    ]
  },

  "spacing_gap": {
    "type": "panel",
    "size": [ 5, 0 ]
  },

  "check_store_button_text@disconnect.disconnect_screen_text": {
    "type": "label",
    "layer": 4,
    "text": "gui.store",
    "shadow": false
  },

  "back_button_text@disconnect.disconnect_screen_text": {
    "type": "label",
    "layer": 4,
    "text": "gui.back",
    "shadow": false
  },

  "realms_warning_screen@disconnect.disconnect_screen": {
    "button_mappings": [ ],
    "$button_layout": "@disconnect.realms_warning_button_panel",
    "$background": "common.portal_background"
  },

  "realms_warning_button_panel": {
    "type": "stack_panel",
    "size": [ "100%c", 0 ],
    "orientation": "horizontal",
    "controls": [
      {
        "@disconnect.menu_button": {
          "ignored": "$is_holographic",
          "$pressed_button_name": "button.menu_check_store",
          "$btn_label": "@disconnect.check_store_button_text"
        }
      },
      {
        "@spacing_gap": {
          "ignored": "$is_holographic"
        }
      },
      {
        "@disconnect.menu_button": {
          "$pressed_button_name": "button.menu_continue",
          "$btn_label": "@disconnect.continue_button_text"
        }
      }
    ]
  },

  "continue_button_text@disconnect.disconnect_screen_text": {
    "type": "label",
    "layer": 4,
    "text": "gui.continue",
    "shadow": false
  }
}
