{
  "namespace": "progress",

  //--------------------------------------------------------------------------------
  // Popup Dialog for resource packs
  "popup_dialog_base@popup_dialog.popup_dialog": {
    "size": [ "90%", "90%" ],
    "$left_button_press": "button.confirm_download", //"button.download_resourcepack",
    "$left_button_text": "skins.buy.closeButton", //"progress.resourcepack.download",
    "$right_button_press": "button.deny_packs", //"button.close_dialog",
    "$right_button_text": "skins.buy.closeButton", //"progress.resourcepack.cancel",
    "controls": [
      { "background@popup_dialog.popup_dialog_bg": { } },
      {
        "@common.scrolling_panel": {
          "layer": 1,
          "size": [ "100%", "70c%" ],
          "offset": [ "0%", "10%" ],
          "anchor_from": "top_left",
          "anchor_to": "top_left",
          "$scrolling_pane_size": [ "99c%", "99c%" ],
          "$scrolling_pane_offset": [ "0.5c%", "0.5c%" ],
          "$scrolling_content": "progress.resource_pack_section"
        }
      },
      {
        //total number of selected packs x/y
        "totalSelected": {
          "layer": 100,
          "type": "label",
          "size": [ "100c%", 10 ],
          "color": [ 0, 0, 0 ],
          "offset": [ "0.75%", "-16%" ],
          "anchor_from": "bottom_left",
          "anchor_to": "bottom_left",
          "text": "#selectedPacks",
          "bindings": [
            {
              "binding_name": "#selectedPacks"
            }
          ]
        }
      },
      {
        //total download size of selected packs
        "totalSelectedSize": {
          "type": "label",
          "size": [ "50c%", 10 ],
          "color": [ 0, 0, 0 ],
          "offset": [ "-0.75%", "-16%" ],
          "anchor_from": "bottom_right",
          "anchor_to": "bottom_right",
          "text": "#selectedPackSize",
          "bindings": [
            {
              "binding_name": "#selectedPackSize"
            }
          ]
        }
      },
      {
        "left@popup_dialog.popup_dialog_left_button": {
          "size": [ "49.25%", "15%" ],
          "offset": [ "0.5%", "-1%" ]
        }
      },
      {
        "right@popup_dialog.popup_dialog_right_button": {
          "size": [ "49.25%", "15%" ],
          "offset": [ "-0.5%", "-1%" ]
        }
      }
    ]
  },

  // Checkbox with label
  "checkbox_visual": {
    "type": "panel",
    "size": [ "100%", 20 ],
    "$text_alpha|default": 1.0,
    "$checkbox_label_bindings|default": [ ],
    "controls": [
      {
        "@$toggle_visual": {
          "anchor_from": "top_left",
          "anchor_to": "top_left"
        }
      },
      {
        "": {
          "type": "label",
          "anchor_from": "left_middle",
          "anchor_to": "left_middle",
          "text": "$checkbox_label_text",
          "offset": [ 18, -1.5 ],
          "alpha": "$text_alpha",
          "bindings": "$checkbox_label_bindings"
        }
      }
    ]
  },

  "checkbox_visuals_unchecked@checkbox_visual": {
    "$toggle_visual": "common.checkbox_unchecked_state"
  },

  "checkbox_visuals_checked@checkbox_visual": {
    "$toggle_visual": "common.checkbox_checked_state"
  },

  "checkbox_visuals_unchecked_locked@checkbox_visual": {
    "$toggle_visual": "common.checkbox_unchecked_locked_state",
    "$text_alpha": 0.5
  },

  "checkbox_visuals_checked_locked@checkbox_visual": {
    "$toggle_visual": "common.checkbox_checked_locked_state",
    "$text_alpha": 0.5
  },

  "checkbox_visuals_unchecked_hover@checkbox_visual": {
    "$toggle_visual": "common.checkbox_unchecked_hover_state"
  },

  "checkbox_visuals_checked_hover@checkbox_visual": {
    "$toggle_visual": "common.checkbox_checked_hover_state"
  },

  "checkbox_with_label_core@common.checkbox": {
    "$unchecked_control": "progress.checkbox_visuals_unchecked",
    "$checked_control": "progress.checkbox_visuals_checked",
    "$unchecked_hover_control": "progress.checkbox_visuals_unchecked_hover",
    "$checked_hover_control": "progress.checkbox_visuals_checked_hover",
    "$unchecked_locked_control": "progress.checkbox_visuals_unchecked_locked",
    "$unchecked_locked_hover_control": "progress.checkbox_visuals_unchecked_locked",
    "$checked_locked_control": "progress.checkbox_visuals_checked_locked",
    "$checked_locked_hover_control": "progress.checkbox_visuals_checked_locked",
    "size": [ "100%", "100%c" ],

    "enabled": "$enabled"
  },

  "checkbox_with_label": {
    "type": "panel",
    "anchor_from": "top_left",
    "anchor_to": "top_left",
    "size": [ "100%", "17px" ],
    "offset": [ 3, 0 ],
    "$enabled|default": true,
    "controls": [
      { "@progress.checkbox_with_label_core": { } }
    ]
  },

  // Resourcepack button & section
  "resource_pack_grid_item@progress.checkbox_with_label": {

    "$toggle_default_state": true,
    "$enabled": "$optional_pack",

    "$checkbox_label_text": "#resource_pack_name",
    "$checkbox_label_bindings": [
      {
        "binding_name": "#resource_pack_name",
        "binding_type": "collection",
        "binding_condition": "once",
        "binding_collection_name": "$resource_pack_collection"
      }
    ],
    "$toggle_binding_type": "collection",
    "$toggle_name": "$resource_pack_collection",
    "$toggle_grid_collection_name": "$resource_pack_collection"
  },

  "resource_pack_section": {
    "type": "stack_panel",
    "size": [ "99%", "99%c + 4px" ],
    "offset": [ "0.5%", "0.5% + 2px" ],
    "anchor_from": "top_left",
    "anchor_to": "top_left",
    "$default_text_color": [ 0.3, 0.3, 0.3 ],
    "$active_text_color": [ 1.0, 1.0, 1.0 ],

    "controls": [
      {
        "required_resource_pack_list_grid": {
          "type": "grid",
          "size": [ "100%", "100%c" ],

          "grid_item_template": "progress.resource_pack_grid_item",
          //for grid_item_template
          "$optional_pack": false,
          "$resource_pack_collection": "required_resourcepacks",


          "grid_dimension_binding": "#required_resource_pack_grid_dimension",
          "collection_name": "required_resourcepacks",
          "bindings": [
            {
              "binding_name": "#required_resource_pack_grid_dimension",
              "binding_condition": "visible"
            }
          ]
        }
      },
      {
        "optional_resource_pack_list_grid": {
          "type": "grid",
          "size": [ "100%", "100%c" ],


          "grid_item_template": "progress.resource_pack_grid_item",
          //for grid_item_template
          "$optional_pack": true,
          "$resource_pack_collection": "optional_resourcepacks",


          "grid_dimension_binding": "#optional_resource_pack_grid_dimension",
          "collection_name": "optional_resourcepacks",
          "bindings": [
            {
              "binding_name": "#optional_resource_pack_grid_dimension",
              "binding_condition": "visible"
            }
          ]
        }
      }
    ]
  },

  //--------------------------------------------------------------------------------

  "simple_popup_dialog_base@popup_dialog.popup_dialog": {
    "size": [ "50%", "100%c" ],
    "max_size": [ "50%", "100% - 4px" ],
    "min_size": [ "50%", "50%" ],

    "$use_top_button|default": false,
    "$top_button_press|default": "",
    "$top_button_text|default": "",
    "$button_size": [ "100%", 30 ],

    "controls": [
      {
        "@common.dialog_background_hollow_3": {
          "size": [ "100%", "100%c" ],
          "controls": [
            {
              "": {
                "type": "image",
                "nineslice_size": 1.0,
                "texture": "textures/gui/newgui/dialog-background-atlas",
                "layer": -10,
                "size": [ "100% - 16px", "100%c" ],
                "uv": [ 14, 101 ],
                "uv_size": [ 2, 2 ],
                "alpha": "$fill_alpha",
                "controls": [
                  {
                    "content_panel": {
                      "type": "stack_panel",
                      "size": [ "100% - 4px", "100%c + 10px" ],
                      "controls": [
                        {
                          "padding": {
                            "type": "panel",
                            "size": [ 0, 8 ]
                          }
                        },
                        {
                          "title": {
                            "layer": 101,
                            "type": "label",
                            "offset": [ 0, 8 ],
                            "size": [ "95%", 10 ],
                            "color": [ 0.275, 0.275, 0.275 ],
                            "shadow": false,
                            "text": "$title_text"
                          }
                        },
                        {
                          "padding": {
                            "type": "panel",
                            "size": [ 0, 8 ]
                          }
                        },
                        {
                          "description": {
                            "layer": 101,
                            "type": "label",
                            "size": [ "100%", "default" ],
                            "color": [ 1, 1, 1 ],
                            "text": "$description_text"
                          }
                        },
                        {
                          "padding": {
                            "type": "panel",
                            "size": [ 0, 8 ]
                          }
                        },
                        {
                          "top_optional_button@popup_dialog.popup_dialog_button_with_binding": {
                            "visible": "$use_top_button",
                            "enabled": "$use_top_button",
                            "size": "$button_size",
                            "$pressed_button_name": "$top_button_press",
                            "$binding_condition": "none",
                            "$button_text": "$top_button_text"
                          }
                        },
                        {
                          "padding": {
                            "type": "panel",
                            "size": [ 0, 2 ],
                            "visible": "$use_top_button",
                            "enabled": "$use_top_button"
                          }
                        },
                        {
                          "middle_button@popup_dialog.popup_dialog_button_with_binding": {
                            "size": "$button_size",
                            "$pressed_button_name": "$middle_button_press",
                            "$binding_condition": "once",
                            "$button_text": "$middle_button_text"
                          }
                        },
                        {
                          "padding": {
                            "type": "panel",
                            "size": [ 0, 2 ]
                          }
                        },
                        {
                          "bottom_button@popup_dialog.popup_dialog_button_with_binding": {
                            "size": "$button_size",
                            "$pressed_button_name": "$bottom_button_press",
                            "$binding_condition": "once",
                            "$button_text": "$bottom_button_text"
                          }
                        }
                      ]
                    }
                  }
                ]
              }
            }
          ]
        }
      }
    ]
  },

  "add_on_only@progress.simple_popup_dialog_base": {
    "$title_text": "progressScreen.dialog.title.onlyBehavior",
    "$description_text": "progressScreen.dialog.message.onlyBehavior",

    "$top_button_text": "#empty_binding",
    "$middle_button_press": "button.join_and_download_all",
    "$middle_button_text": "#join_and_download",
    "$bottom_button_press": "button.leave",
    "$bottom_button_text": "progressScreen.dialog.button.leave"
  },

  "add_on_with_optional_texture_pack@progress.simple_popup_dialog_base": {
    "$title_text": "progressScreen.dialog.title.behaviorAndResourcePack",
    "$description_text": "progressScreen.dialog.message.behaviorAndResourcePack",

    "$use_top_button": true,

    "$top_button_press": "button.join_and_download_all",
    "$top_button_text": "#join_and_download_everything",
    "$middle_button_press": "button.join_and_download_needed",
    "$middle_button_text": "#join_and_download_only_add_on",
    "$bottom_button_press": "button.leave",
    "$bottom_button_text": "progressScreen.dialog.button.leave"
  },

  "add_on_with_texture_pack@progress.simple_popup_dialog_base": {
    "$title_text": "progressScreen.dialog.title.behaviorAndResourcePack",
    "$description_text": "progressScreen.dialog.message.behaviorAndResourcePack",

    "$top_button_text": "#empty_binding",
    "$middle_button_press": "button.join_and_download_all",
    "$middle_button_text": "#join_and_download",
    "$bottom_button_press": "button.leave",
    "$bottom_button_text": "progressScreen.dialog.button.leave"
  },

  "texture_pack_optional@progress.simple_popup_dialog_base": {
    "$title_text": "progressScreen.dialog.title.resourcePack",
    "$description_text": "progressScreen.dialog.message.resourcePackOptional",

    "$top_button_text": "#empty_binding",
    "$middle_button_press": "button.join_and_download_all",
    "$middle_button_text": "#join_and_download",
    "$bottom_button_press": "button.join",
    "$bottom_button_text": "progressScreen.dialog.button.join"
  },

  "texture_pack_required@progress.simple_popup_dialog_base": {
    "$title_text": "progressScreen.dialog.title.resourcePack",
    "$description_text": "progressScreen.dialog.message.resourcePackRequired",

    "$top_button_text": "#empty_binding",
    "$middle_button_press": "button.join_and_download_all",
    "$middle_button_text": "#join_and_download",
    "$bottom_button_press": "button.leave",
    "$bottom_button_text": "progressScreen.dialog.button.leave"
  },
  //--------------------------------------------------------------------------------

  "normal_stroke_button": {
    "type": "image",
    "nineslice_size": 4.0,
    "texture": "textures/gui/newgui/NormalButtonThinStroke",
    "uv": [ 0, 0 ],
    "uv_size": [ 7, 7 ]
  },
  "progress_screen_text": {
    "type": "label",
    "anchor_to": "center",
    "anchor_from": "center",
    "layer": 2,
    "shadow": false
  },

  "progress_title_text@progress.progress_screen_text": {
    "size": [ "default", 20 ],
    "max_size": [ "100% - 8px", 20 ],
    "offset": [ 0, -15 ],
    "text": "#title_text",
    "bindings": [
      {
        "binding_name": "#title_text",
        "binding_condition": "visible"
      }
    ]
  },

  "progress_bar_text@progress.progress_screen_text": {
    "size": [ "default", 20 ],
    "max_size": [ "100% - 8px", 20 ],    
    "offset": [ 0, 9 ],
    "text": "#progress_text",
    "bindings": [
      { "binding_name": "#progress_text" }
    ]
  },

  "bar_animation": {
    "anim_type": "flip_book",
    "initial_uv": [ 0, 0 ],
    "frame_count": 10,
    "frame_step": 64,
    "fps": 10,
    "reversible": true,
    "easing": "linear",
    "next": "@bar_forward"
  },

  "progress_loading_bars": {
    "type": "image",
    "layer": 2,
    "texture": "textures/gui/newgui/loading_bar",
    "anchor_from": "center",
    "anchor_to": "center",
    "offset": [ 0, 24 ],
    "size": [ 64, 8 ],
    "uv_size": [ 64, 8 ],
    "uv": "@bar_animation",
    "color": [ 0.7, 0.7, 0.7, 1.0 ],
    "bindings": [
      {
        "binding_name": "#bar_animation_visible",
        "binding_name_override": "#visible"
      }
    ]
  },

  "progress_bar": {
    "type": "custom",
    "renderer": "progress_bar_renderer",
    "layer": 2,
    "offset": [ 0, 16 ],
    "size": [ 100, 2 ],
    "primary_color": [ 0.5, 1.0, 0.5, 1.0 ],
    "bindings": [
      {
        "binding_name_override": "#progress_bar_visible",
        "binding_name": "#loading_bar_visible"
      },
      {
        "binding_name_override": "#progress_bar_total_amount",
        "binding_name": "#loading_bar_total_amount",
        "binding_condition": "visible"
      },
      {
        "binding_name_override": "#progress_bar_current_amount",
        "binding_name": "#loading_bar_current_amount",
        "binding_condition": "visible"
      }
    ]
  },

  "cancel_button_text@progress.progress_screen_text": {
    "type": "label",
    "layer": 4,
    "text": "gui.cancel",
    "shadow": false
  },

  "cancel_button@common.button": {
    "$pressed_button_name": "button.menu_exit",
    "size": [ 66, 26 ],
    "offset": [ 0, 55 ],
    "bindings": [
      {
        "binding_name": "#cancel_visible",
        "binding_name_override": "#visible"
      }
    ],
    "controls": [
      {
        "default@$button_state_default_base": {
          "controls": [
            {
              "@progress.cancel_button_text": {
                "color": [ 1.0, 1.0, 1.0, 1.0 ]
              }
            }
          ]
        }
      },
      {
        "hover@$button_state_hover_base": {
          "controls": [
            {
              "@progress.cancel_button_text": {
                "color": [ 1.0, 1.0, 1.0, 1.0 ]
              }
            }
          ]
        }
      },
      {
        "pressed@$button_state_pressed_base": {
          "controls": [
            {
              "@progress.cancel_button_text": {
                "color": [ 1.0, 1.0, 1.0, 1.0 ],
                "alpha": 0.65
              }
            }
          ]
        }
      }
    ]
  },

  "title_panel": {
    "type": "panel",
    "size": [ "100%", "100%" ],
    "anchor_from": "center",
    "anchor_to": "center",
    "controls": [
      {
        "@progress.progress_title_text": {
        }
      },
      {
        "@progress.progress_bar_text": { }
      },
      {
        "@progress.progress_bar": { }
      }
    ]
  },

  "button_panel": {
    "type": "panel",
    "size": [ "100%", "100%" ],
    "anchor_from": "center",
    "anchor_to": "center",
    "layer": 2,
    "controls": [
      {
        "@progress.cancel_button": { }
      }
    ]
  },

  "modal_button_panel@button_panel": {
    "controls": [
      {
        "@progress.cancel_button": {
          // reset offset
          "offset": [ 0, 0 ]
        }
      }
    ]
  },

  "gamepad_helpers": {
    "type": "panel",
    "size": [ 100, 10 ],
    "offset": [ 0, "45%" ],
    "controls": [
      {
        "@common.gamepad_helper_a": {
          "anchor_from": "center",
          "anchor_to": "center"
        }
      }
    ]
  },

  //---------------------------------------------------------------------------
  // Screens
  //---------------------------------------------------------------------------

  "modal_progress_panel_no_cancel": {
    "type": "panel",
    "size": "$modal_screen_size",
    "controls": [
      {
        "@common.common_panel": {
          "$dialog_background": "dialog_background_hollow_4",
          "$show_close_button": false
        }
      },
      {
        "content": {
          "type": "panel",
          "anchor_from": "top_left",
          "anchor_to": "top_left",
          // magic offset to make the scroll clipping perfect
          "size": [ "100%-12px", "100%-12px" ],
          "offset": [ 6, 6 ],
          "controls": [
            {
              "@progress.title_panel": { }
            },
            {
              "@progress.progress_loading_bars": { }
            }
          ]
        }
      }
    ]
  },

  "modal_progress_panel_with_cancel": {
    "type": "panel",
    "size": "$modal_screen_size",
    "controls": [
      {
        "@common.common_panel": {
          "$dialog_background": "dialog_background_hollow_2",
          "$show_close_button": false
        }
      },
      {
        "content": {
          "type": "panel",
          "anchor_from": "top_left",
          "anchor_to": "top_left",
          // magic offset to make the scroll clipping perfect
          "size": [ "100%-12px", "100%-60px" ],
          "offset": [ 6, 20 ],
          "controls": [
            {
              "@progress.title_panel": { }
            },
            {
              "@progress.progress_loading_bars": { }
            }
          ]
        }
      },
      {
        "@progress.modal_button_panel": {
          "anchor_from": "bottom_middle",
          "anchor_to": "bottom_middle",
          "size": [ "100%", 40 ]
        }
      }
    ]
  },

  "progress_panel": {
    "type": "panel",
    "size": [ "100%", "100%" ],
    "controls": [
      {
        "@progress.progress_loading_bars": { }
      },
      {
        "@progress.title_panel": { }
      },
      {
        "@progress.button_panel": { }
      }
    ]
  },
  "progress_screen@common.base_screen": {
    "button_mappings": [
      {
        "from_button_id": "button.menu_cancel",
        "to_button_id": "button.menu_exit",
        "mapping_type": "global"
      }
    ],
    "variables": [
      {
        "requires": "$is_realms_screen",
        "$screen_content": "progress.progress_screen_content",
        "$background": "common.portal_background"
      },
      {
        "requires": "$is_modal_screen",
        "$screen_content": "progress.modal_screen_content"
      },
      {
        "requires": "$is_normal_screen",
        "$screen_content": "progress.progress_screen_content",
        "$background": "common.dirt_background"
      }
    ]
  },
  "progress_screen_content": {
    "type": "panel",
    "variables": [
      {
        "requires": "$desktop_screen",
        "$button_state_default_base": "common.button_state_default",
        "$button_state_hover_base": "common.button_state_hover",
        "$button_state_pressed_base": "common.button_state_pressed",
        "$render_dirt_bg": true
      },
      {
        "requires": "$pocket_screen",
        "$button_state_default_base": "common-classic.button_state_default",
        "$button_state_hover_base": "common-classic.button_state_hover",
        "$button_state_pressed_base": "common-classic.button_state_pressed",
        "$render_dirt_bg": true
      }
    ],
    "controls": [
      { "progress_content_panel@progress.progress_content_panel": { } },
      {
        "background@$background": {
          "visible": "$render_dirt_bg"
        }
      },
      {
        "popup_dialog_factory": {
          "type": "factory",
          "control_ids": {
            "test": "dialog@progress.popup_dialog_base",
            "add_on_only": "add_on_only@progress.add_on_only",
            "add_on_with_optional_texture_pack": "add_on_only@progress.add_on_with_optional_texture_pack",
            "add_on_with_texture_pack": "add_on_only@progress.add_on_with_texture_pack",
            "texture_pack_optional": "add_on_only@progress.texture_pack_optional",
            "texture_pack_required": "add_on_only@progress.texture_pack_required"
            //"no_connection": "@skin_pack_purchase.popup_dialog__no_connection",
            //"purchase_failed": "@skin_pack_purchase.popup_dialog__purchase_failed",
            //"purchase_in_progress": "@skin_pack_purchase.popup_dialog__purchase_in_progress"
          }
        }
      }
    ]
  },
  "progress_content_panel": {
    "type": "panel",
    "controls": [
      {
        "@progress.progress_panel": { }
      },
      {
        "@progress.gamepad_helpers": { }
      }
    ]
  },
  "modal_screen_content": {
    "type": "panel",
    "variables": [
      {
        "requires": "$desktop_screen",
        "$button_state_default_base": "progress.normal_stroke_button",
        "$button_state_hover_base": "progress.normal_stroke_button",
        "$button_state_pressed_base": "progress.normal_stroke_button",
        "$render_dirt_bg": true
      },
      {
        "requires": "$pocket_screen",
        "$button_state_default_base": "common-classic.button_state_default",
        "$button_state_hover_base": "common-classic.button_state_hover",
        "$button_state_pressed_base": "common-classic.button_state_pressed",
        "$render_dirt_bg": true
      }
    ],
    "controls": [
      {
        "@progress.modal_progress_panel_with_cancel": {
          "bindings": [
            {
              "binding_name": "#cancel_visible",
              "binding_name_override": "#visible"
            }
          ]
        }
      },
      {
        "@progress.modal_progress_panel_no_cancel": {
          "bindings": [
            {
              "binding_name": "#cancel_not_visible",
              "binding_name_override": "#visible"
            }
          ]
        }
      }
    ]
  }
}
