{
  "namespace": "resource_pack_purchase",

  //--------------------------------------------------------------------------------
  // Popup Dialog
  //--------------------------------------------------------------------------------

  "popup_dialog_base@popup_dialog.popup_dialog": {
    "$middle_button_press": "button.close_dialog",
    "$middle_button_text": "skins.buy.closeButton",
    "controls": [
      { "@popup_dialog.popup_dialog_bg": { } },
      { "@popup_dialog.popup_dialog_message": { } },
      { "@popup_dialog.popup_dialog_middle_button": { } }
    ]
  },

  "popup_dialog__no_connection@popup_dialog_base": {
    "$message_text": "skins.buy.noConnection"
  },

  "popup_dialog__purchase_failed@popup_dialog_base": {
    "$message_text": "skins.buy.purchaseFailed"
  },

  "popup_dialog__purchase_in_progress@popup_dialog_base": {
    "$message_text": "skins.buy.waitingForPurchase",
    "controls": [
      { "@popup_dialog.popup_dialog_bg": { } },
      {
        "@popup_dialog.popup_dialog_message": {
          "size": [ "90%", "100%" ]
        }
      }
    ]
  },

  //--------------------------------------------------------------------------------
  // Common Controls
  //--------------------------------------------------------------------------------

  "banner_empty": {
    "type": "image",
    "texture": "textures/gui/newgui/BannersTransparent",
    "uv": [ 0, 0 ],
    "uv_size": [ 4, 4 ],
    "nineslice_size": 1
  },

  //--------------------------------------------------------------------------------
  // Content
  //--------------------------------------------------------------------------------

  "screenshots_grid_item": {
    "type": "panel",
    "size": [ "100%", "100%c + 2px" ],
    "anchor_from": "center",
    "anchor_to": "center",
    "controls": [
      {
        "@screenshot_button": {
          "size": [ "100% - 6px", "100%c" ],
          "layer": 3
        }
      } 
    ]
  },

  "screenshot_button@common.button": {
    "layer": 1,
    "focus_enabled": true,
    "default_control": "default",
    "hover_control": "hover",
    "pressed_control": "pressed",
    "bindings": [
      {
        "binding_type": "collection_details",
        "binding_collection_name": "screenshots_collection"
      }
    ],
    "button_mappings": [
      {
        "from_button_id": "button.menu_select",
        "to_button_id": "button.select_screenshot",
        "mapping_type": "pressed"
      },
      {
        "from_button_id": "button.menu_ok",
        "to_button_id": "button.select_screenshot",
        "mapping_type": "pressed"
      }
    ],
    "controls": [
      {
        "default@screenshot_frame": {
          "$button_color": [ 0, 0, 0 ]
        }
      },
      {
        "hover@screenshot_frame": {
          "$button_color": [ 1, 1, 1 ]
        }
      },
      {
        "pressed@screenshot_frame": {
          "$button_color": [ 1, 1, 1 ]
        }
      }
    ]
  },

  "screenshot_frame@common.focus_border_white": {
    "size": [ "100%", "100%c + 2px" ],
    "color": "$button_color",
    "controls": [
      { "@screenshot_image": { } }
    ]
  },

  
  "screenshot_image": {
    "type": "image",
    "layer": 3,
    "size": [ "100% - 2px", "56.25%x" ],
    "bindings": [
      {
        "binding_type": "collection",
        "binding_collection_name": "screenshots_collection",
        "binding_name": "#screenshot_texture_name",
        "binding_name_override": "#texture"
      },
      {
        "binding_type": "collection",
        "binding_collection_name": "screenshots_collection",
        "binding_name": "#screenshot_texture_file_system",
        "binding_name_override": "#texture_file_system"
      }
    ]
  },


  "screenshots_grid": {
    "type": "grid",    
    "anchor_from": "top_left",
    "anchor_to": "top_left",
    "size": [ "100%", "100%c" ],
    "grid_item_template": "resource_pack_purchase.screenshots_grid_item",
    "grid_dimension_binding": "#screenshots_grid_dimensions",
    "collection_name": "screenshots_collection",
    "bindings": [
      {
        "binding_name": "#screenshots_grid_dimensions"
      }
    ]
  },

  "screenshot_grid_stack_panel": {
    "type": "stack_panel",
    "size": [ "100%", "100%c" ],
    "offset": [ 0, 1 ],
    "controls": [
      { "@screenshots_grid": { } },
      {
        "spacer": {
          "type": "panel",
          "size": [ 0, 2 ]
        }
      }
    ]
  },

  "pack_screenshots_panel": {
    "type": "panel",
    "anchor_from": "top_left",
    "anchor_to": "top_left",
    "size": [ "fill", "100%" ],
    "offset": [ -1, 0 ],
    "controls": [
      {
        "framed": {
          "type": "input_panel",
          "anchor_from": "top_middle",
          "anchor_to": "top_middle",
          "size": [ "100%", "100%" ],
          "controls": [
            {
              "screenshots_scroll@common.scrolling_panel": {
                "$scrolling_pane_size": [ "100%", "100%" ],
                "$scrolling_pane_offset": [ 0, 0 ],
                "$scroll_size": [ 5, "100% - 4px" ],
                "$scrolling_content": "resource_pack_purchase.screenshot_grid_stack_panel",
                "$show_background": false,
                "$bar_visible": false
              }
            }
          ]
        }
      }
    ]
  },

  "key_image_frame@banner_empty": {
    "anchor_from": "center",
    "anchor_to": "center",
    "offset": [ 0, 0 ],
    "size": [ "100%", "100%-2px" ],
    "layer": 1,
    "controls": [
      {
        "zoomed": {
          "type": "image",
          "layer": -1,
          "size": [ "177.778%y - 2px", "100%" ],
          "bindings": [
            {
              "binding_name": "#zoomed_texture_name",
              "binding_name_override": "#texture"
            },
            {
              "binding_name": "#zoomed_texture_file_system",
              "binding_name_override": "#texture_file_system"
            }
          ]
        }
      }
    ]
  },

  "pack_main_panel": {
    "type": "panel",
    "anchor_from": "top_right",
    "anchor_to": "top_right",
    "size": [ "177.778%y - 55px", "100% - 3px" ],
    "controls": [
      {
        "content": {
          "type": "panel",
          "anchor_from": "bottom_middle",
          "anchor_to": "bottom_middle",
          "clips_children": true,
          "size": [ "100% - 4px", "100%" ],
          "offset": [ 0, 1 ],
          "controls": [
            {
              "key_image_panel": {
                "type": "panel",
                "size": [ "100%", "100% - 31px" ],
                "anchor_from": "top_left",
                "anchor_to": "top_left",
                "controls": [
                  { "key_image@key_image_frame": { } }
                ]
              }
            },
            {
              "unlock_button@common_buttons.light_text_button": {
                "ignored": "$offer_unlocked",    
                "$pressed_button_name": "button.buy_pack",
                "anchor_from": "bottom_left",
                "anchor_to": "bottom_left",
                "layer": 10,
                "size": [ "100%", 30 ],
                "visible": "#unlock_button_visible",
                "bindings": [
                  {
                    "binding_name": "#unlock_button_visible",
                    "binding_name_override": "#visible"
                  }
                ],
                // More bindings
                "$button_text_binding_type": "global",
                "$button_text": "#unlock_text"                
              }
            },
            {
              "try_button@common_buttons.light_text_button": {
                "ignored": true, // feature diabled for now
                "$button_text": "store.resource.try",
                "$pressed_button_name": "button.try_pack",
                "anchor_from": "bottom_right",
                "anchor_to": "bottom_right",
                "size": [ "50% - 2px", 30 ]
              }
            },
            {
              "create_world_button@common_buttons.light_text_button": {
                "$button_text": "store.resource.create",
                "$pressed_button_name": "button.create_world",
                "anchor_from": "bottom_left",
                "anchor_to": "bottom_left",
                "size": [ "100%", 30 ],
                "offset": [ 0, -1 ],
                "visible": "#create_world_button_visible",
                "bindings": [
                  {
                    "binding_name": "#create_world_button_visible",
                    "binding_name_override": "#visible"
                  }
                ]
              }
            }
          ]
        }
      }
    ]
  },

  //--------------------------------------------------------------------------------
  // Root Controls
  //--------------------------------------------------------------------------------

  "content": {
    "type": "stack_panel",
    "orientation": "horizontal",
    "anchor_from": "top_left",
    "anchor_to": "top_left",
    "size": [ "100%", "100%" ],    
    "controls": [
      { "@pack_screenshots_panel": { } },
      {
        "empty_panel_divider": {
          "type": "panel",          
          "size": [ 6, 0 ]
        }
      },
      { "@pack_main_panel": { } }
    ]
  },

  "resource_pack_purchase@common.base_screen": {
    "button_mappings": [
      {
        "from_button_id": "button.menu_cancel",
        "to_button_id": "button.menu_exit",
        "mapping_type": "global"
      },
      {
        "from_button_id": "button.menu_up",
        "to_button_id": "button.menu_up",
        "mapping_type": "global",
        "scope": "view"
      },
      {
        "from_button_id": "button.menu_down",
        "to_button_id": "button.menu_down",
        "mapping_type": "global",
        "scope": "view"
      },
      {
        "from_button_id": "button.menu_left",
        "to_button_id": "button.menu_left",
        "mapping_type": "global",
        "scope": "view"
      },
      {
        "from_button_id": "button.menu_right",
        "to_button_id": "button.menu_right",
        "mapping_type": "global",
        "scope": "view"
      }
    ],
    "$default_text_color": [ 0.3, 0.3, 0.3 ],
    "$screen_content": "resource_pack_purchase.dialog"
  },

  "dialog@common_dialogs.main_panel_no_buttons": {
    "size": "$resource_pack_screen_size",
    "max_size": [ "100% - 4px", "100% - 16px" ],
    "$dialog_background": "dialog_background_hollow_3",
    "$divider_offset": [ "100% - 177.778%y + 50px", "22px" ],
    "$show_divider": true,
    "$show_close_button": true,
    "$text_name": "$pack_name",
    "$child_control": "resource_pack_purchase.dialog_content"
  },

  "dialog_content": {
    "type": "panel",
    "controls": [
      {
        "container": {
          "type": "panel",
          "size": [ "100%", "100%" ],
          "layer": 1,
          "controls": [
            { "@resource_pack_purchase.content": { } }
          ]
        }
      },
      {
        "popup_dialog_factory": {
          "type": "factory",
          "control_ids": {
            "no_connection": "@resource_pack_purchase.popup_dialog__no_connection",
            "purchase_failed": "@resource_pack_purchase.popup_dialog__purchase_failed",
            "purchase_in_progress": "@skin_pack_purchase.popup_dialog__purchase_in_progress"
          }
        }
      }
    ]
  }
}
