{
  "namespace": "crafting",
  "creative_gamepad_helpers": {
    "type": "panel",
    "anchor_from": "top_middle",
    "anchor_to": "bottom_middle",
    "size": [
      178,
      16
    ],
    "controls": [
      {
        "gamepad_helper_left_bumper@common.gamepad_helper_left_bumper": {
          "anchor_from": "top_left",
          "anchor_to": "top_right",
          "$hide_description": true
        }
      },
      {
        "gamepad_helper_right_bumper@common.gamepad_helper_right_bumper": {
          "anchor_from": "top_right",
          "anchor_to": "top_left",
          "$hide_description": true
        }
      }
    ]
  },
  "no_coalesce_container_slot_button@common.container_slot_button_prototype": {
    "button_mappings": [
      {
        "from_button_id": "button.menu_select",
        "to_button_id": "button.container_take_all_place_all",
        "mapping_type": "pressed"
      },
      {
        "from_button_id": "button.menu_ok",
        "to_button_id": "button.container_take_all_place_all",
        "mapping_type": "pressed"
      },
      {
        "from_button_id": "button.menu_secondary_select",
        "to_button_id": "button.container_take_half_place_one",
        "mapping_type": "pressed"
      },
      {
        "from_button_id": "button.controller_select",
        "to_button_id": "button.container_take_half_place_one",
        "mapping_type": "pressed"
      },
      {
        "from_button_id": "button.menu_auto_place",
        "to_button_id": "button.container_auto_place",
        "mapping_type": "pressed"
      },
      {
        "from_button_id": "button.controller_secondary_select",
        "to_button_id": "button.container_auto_place",
        "mapping_type": "pressed"
      },
      {
        "from_button_id": "button.menu_inventory_drop",
        "to_button_id": "button.drop_one",
        "mapping_type": "pressed"
      },
      {
        "from_button_id": "button.menu_inventory_drop_all",
        "to_button_id": "button.drop_all",
        "mapping_type": "pressed"
      },
      {
        "to_button_id": "button.container_slot_hovered",
        "mapping_type": "pressed"
      }
    ]
  },
  "tab_image": {
    "type": "image",
    "layer": 2,
    "nineslice_size": 4,
    "uv": [
      0,
      0
    ],
    "uv_size": [
      12,
      11
    ],
    "size": [
      24,
      23
    ]
  },
  "icon_image": {
    "type": "image",
    "layer": 3,
    "uv": [
      0,
      0
    ],
    "uv_size": [
      16,
      16
    ],
    "size": [
      16,
      16
    ]
  },
  "tab_front@crafting.tab_image": {
    "texture": "textures/gui/newgui/TabFrontInGame"
  },
  "tab_back@crafting.tab_image": {
    "texture": "textures/gui/newgui/TabBackInGame"
  },
  "item_renderer": {
    "type": "custom",
    "renderer": "inventory_item_renderer",
    "size": [
      16,
      16
    ]
  },
  "survival_icon@crafting.item_renderer": {
    "property_bag": {
      "#item_id_aux": 3538944
    }
  },
  "tools_icon@icon_image": {
    "texture": "textures/gui/newgui/sword"
  },
  "building_blocks_icon@crafting.item_renderer": {
    "property_bag": {
      "#item_id_aux": 2949120
    }
  },
  "decorations_icon@crafting.item_renderer": {
    "property_bag": {
      "#item_id_aux": 3080192
    }
  },
  "search_icon@icon_image": {
    "texture": "textures/gui/newgui/magnifyingGlass"
  },
  "miscellaneous_icon@icon_image": {
    "texture": "textures/gui/newgui/seeds"
  },
  "survival_tab_front": {
    "type": "panel",
    "size": [
      24,
      23
    ],
    "controls": [
      {
        "tab_front@crafting.tab_front": {
          "layer": 5
        }
      },
      {
        "survival_icon@crafting.survival_icon": {
          "layer": 6,
          "offset": [
            1,
            -1
          ]
        }
      }
    ]
  },
  "survival_tab_back": {
    "type": "panel",
    "size": [
      24,
      23
    ],
    "controls": [
      {
        "tab_back@crafting.tab_back": {
          "layer": 5
        }
      },
      {
        "survival_icon@crafting.survival_icon": {
          "layer": 6,
          "offset": [
            1,
            -1
          ]
        }
      }
    ]
  },
  "building_blocks_tab_front": {
    "type": "panel",
    "size": [
      24,
      23
    ],
    "controls": [
      {
        "tab_front@crafting.tab_front": {
          "texture": "textures/gui/newgui/TabFrontInGameLeftMost",
          "layer": 5
        }
      },
      {
        "building_blocks_icon@crafting.building_blocks_icon": {
          "layer": 6,
          "offset": [
            1,
            -1
          ]
        }
      }
    ]
  },
  "building_blocks_tab_back": {
    "type": "panel",
    "size": [
      24,
      23
    ],
    "controls": [
      {
        "tab_back@crafting.tab_back": {
          "texture": "textures/gui/newgui/TabBackInGameLeftMost",
          "layer": 5
        }
      },
      {
        "building_blocks_icon@crafting.building_blocks_icon": {
          "layer": 6,
          "offset": [
            1,
            -1
          ]
        }
      }
    ]
  },
  "decorations_tab_front": {
    "type": "panel",
    "size": [
      24,
      23
    ],
    "controls": [
      {
        "tab_front@crafting.tab_front": {
          "layer": 5
        }
      },
      {
        "decorations_icon@crafting.decorations_icon": {
          "layer": 6,
          "offset": [
            1,
            -1
          ]
        }
      }
    ]
  },
  "decorations_tab_back": {
    "type": "panel",
    "size": [
      24,
      23
    ],
    "controls": [
      {
        "tab_back@crafting.tab_back": {
          "layer": 5
        }
      },
      {
        "decorations_icon@crafting.decorations_icon": {
          "layer": 6,
          "offset": [
            1,
            -1
          ]
        }
      }
    ]
  },
  "tools_tab_front": {
    "type": "panel",
    "size": [
      24,
      23
    ],
    "controls": [
      {
        "tab_front@crafting.tab_front": {
          "layer": 5
        }
      },
      {
        "tools_icon@crafting.tools_icon": {
          "layer": 6,
          "offset": [
            1,
            0
          ]
        }
      }
    ]
  },
  "tools_tab_back": {
    "type": "panel",
    "size": [
      24,
      23
    ],
    "controls": [
      {
        "tab_back@crafting.tab_back": {
          "layer": 5
        }
      },
      {
        "tools_icon@crafting.tools_icon": {
          "layer": 6,
          "offset": [
            1,
            0
          ]
        }
      }
    ]
  },
  "search_tab_front": {
    "type": "panel",
    "size": [
      24,
      23
    ],
    "controls": [
      {
        "tab_front@crafting.tab_front": {
          "layer": 5
        }
      },
      {
        "search_icon@crafting.search_icon": {
          "layer": 6,
          "offset": [
            1,
            0
          ]
        }
      }
    ]
  },
  "search_tab_back": {
    "type": "panel",
    "size": [
      24,
      23
    ],
    "controls": [
      {
        "tab_back@crafting.tab_back": {
          "layer": 5
        }
      },
      {
        "search_icon@crafting.search_icon": {
          "layer": 6,
          "offset": [
            1,
            0
          ]
        }
      }
    ]
  },
  "miscellaneous_tab_front": {
    "type": "panel",
    "size": [
      24,
      23
    ],
    "controls": [
      {
        "tab_front@crafting.tab_front": {
          "layer": 5
        }
      },
      {
        "miscellaneous_icon@crafting.miscellaneous_icon": {
          "layer": 6,
          "offset": [
            3,
            4
          ]
        }
      }
    ]
  },
  "miscellaneous_tab_back": {
    "type": "panel",
    "size": [
      24,
      23
    ],
    "controls": [
      {
        "tab_back@crafting.tab_back": {
          "layer": 5
        }
      },
      {
        "miscellaneous_icon@crafting.miscellaneous_icon": {
          "layer": 6,
          "offset": [
            3,
            4
          ]
        }
      }
    ]
  },
  "common_navigation_tab@common.toggle": {
    "$toggle_name": "navigation_tab",
    "$unchecked_control": "common.empty_panel",
    "$checked_control": "common.empty_panel",
    "$unchecked_hover_control": "common.empty_panel",
    "$checked_hover_control": "common.empty_panel",
    "$unchecked_locked_control": "common.empty_panel",
    "$unchecked_locked_hover_control": "common.empty_panel",
    "$checked_locked_control": "common.empty_panel",
    "$checked_locked_hover_control": "common.empty_panel",
    "toggle_group_default_selected": 1,
    "$radio_toggle_group": true
  },
  "interactive_tabs": {
    "type": "panel",
    "size": [
      124,
      22
    ],
    "controls": [
      {
        "survival_navigation_tab@crafting.common_navigation_tab": {
          "layer": 10,
          "anchor_from": "top_left",
          "anchor_to": "bottom_left",
          "toggle_group_forced_index": "$survival_index",
          "offset": [
            110,
            2
          ],
          "size": [
            24,
            23
          ]
        }
      },
      {
        "building_blocks_navigation_tab@crafting.common_navigation_tab": {
          "layer": 10,
          "anchor_from": "top_left",
          "anchor_to": "bottom_left",
          "toggle_group_forced_index": "$building_blocks_index",
          "offset": [
            0,
            2
          ],
          "size": [
            24,
            23
          ]
        }
      },
      {
        "decorations_navigation_tab@crafting.common_navigation_tab": {
          "layer": 10,
          "anchor_from": "top_left",
          "anchor_to": "bottom_left",
          "toggle_group_forced_index": "$decorations_index",
          "offset": [
            24,
            2
          ],
          "size": [
            24,
            23
          ]
        }
      },
      {
        "tools_navigation_tab@crafting.common_navigation_tab": {
          "layer": 10,
          "anchor_from": "top_left",
          "anchor_to": "bottom_left",
          "toggle_group_forced_index": "$tools_index",
          "offset": [
            48,
            2
          ],
          "size": [
            24,
            23
          ]
        }
      },
      {
        "miscellaneous_navigation_tab@crafting.common_navigation_tab": {
          "layer": 10,
          "anchor_from": "top_left",
          "anchor_to": "bottom_left",
          "toggle_group_forced_index": "$misc_index",
          "offset": [
            72,
            2
          ],
          "size": [
            24,
            23
          ]
        }
      },
      {
        "search_navigation_tab@crafting.common_navigation_tab": {
          "layer": 10,
          "anchor_from": "top_left",
          "anchor_to": "bottom_left",
          "toggle_group_forced_index": "$search_index",
          "offset": [
            134,
            2
          ],
          "size": [
            24,
            23
          ]
        }
      }
    ]
  },
  "visual_tabs_survival": {
    "type": "panel",
    "size": [
      124,
      22
    ],
    "controls": [
      {
        "survival@survival_tab_front": {
          "layer": 10,
          "offset": [
            110,
            2.5
          ]
        }
      },
      {
        "building_blocks@building_blocks_tab_back": {
          "layer": 10,
          "offset": [
            0,
            2.5
          ]
        }
      },
      {
        "decorations@decorations_tab_back": {
          "layer": 10,
          "offset": [
            25,
            2.5
          ]
        }
      },
      {
        "tools@tools_tab_back": {
          "layer": 10,
          "offset": [
            50,
            2.5
          ]
        }
      },
      {
        "misc@miscellaneous_tab_back": {
          "layer": 10,
          "offset": [
            75,
            2.5
          ]
        }
      },
      {
        "search@search_tab_back": {
          "layer": 10,
          "offset": [
            135,
            2.5
          ]
        }
      }
    ]
  },
  "visual_tabs_building_blocks": {
    "type": "panel",
    "size": [
      124,
      22
    ],
    "controls": [
      {
        "survival@survival_tab_back": {
          "layer": 10,
          "offset": [
            110,
            2.5
          ]
        }
      },
      {
        "building_blocks@building_blocks_tab_front": {
          "layer": 10,
          "offset": [
            0,
            2.5
          ]
        }
      },
      {
        "decorations@decorations_tab_back": {
          "layer": 10,
          "offset": [
            25,
            2.5
          ]
        }
      },
      {
        "tools@tools_tab_back": {
          "layer": 10,
          "offset": [
            50,
            2.5
          ]
        }
      },
      {
        "misc@miscellaneous_tab_back": {
          "layer": 10,
          "offset": [
            75,
            2.5
          ]
        }
      },
      {
        "search@search_tab_back": {
          "layer": 10,
          "offset": [
            135,
            2.5
          ]
        }
      }
    ]
  },
  "visual_tabs_decorations": {
    "type": "panel",
    "size": [
      124,
      22
    ],
    "controls": [
      {
        "survival@survival_tab_back": {
          "layer": 10,
          "offset": [
            110,
            2.5
          ]
        }
      },
      {
        "building_blocks@building_blocks_tab_back": {
          "layer": 10,
          "offset": [
            0,
            2.5
          ]
        }
      },
      {
        "decorations@decorations_tab_front": {
          "layer": 10,
          "offset": [
            25,
            2.5
          ]
        }
      },
      {
        "tools@tools_tab_back": {
          "layer": 10,
          "offset": [
            50,
            2.5
          ]
        }
      },
      {
        "misc@miscellaneous_tab_back": {
          "layer": 10,
          "offset": [
            75,
            2.5
          ]
        }
      },
      {
        "search@search_tab_back": {
          "layer": 10,
          "offset": [
            135,
            2.5
          ]
        }
      }
    ]
  },
  "visual_tabs_tools": {
    "type": "panel",
    "size": [
      124,
      22
    ],
    "controls": [
      {
        "survival@survival_tab_back": {
          "layer": 10,
          "offset": [
            110,
            2.5
          ]
        }
      },
      {
        "building_blocks@building_blocks_tab_back": {
          "layer": 10,
          "offset": [
            0,
            2.5
          ]
        }
      },
      {
        "decorations@decorations_tab_back": {
          "layer": 10,
          "offset": [
            25,
            2.5
          ]
        }
      },
      {
        "tools@tools_tab_front": {
          "layer": 10,
          "offset": [
            50,
            2.5
          ]
        }
      },
      {
        "misc@miscellaneous_tab_back": {
          "layer": 10,
          "offset": [
            75,
            2.5
          ]
        }
      },
      {
        "search@search_tab_back": {
          "layer": 10,
          "offset": [
            135,
            2.5
          ]
        }
      }
    ]
  },
  "visual_tabs_miscellaneous": {
    "type": "panel",
    "size": [
      124,
      22
    ],
    "controls": [
      {
        "survival@survival_tab_back": {
          "layer": 10,
          "offset": [
            110,
            2.5
          ]
        }
      },
      {
        "building_blocks@building_blocks_tab_back": {
          "layer": 10,
          "offset": [
            0,
            2.5
          ]
        }
      },
      {
        "decorations@decorations_tab_back": {
          "layer": 10,
          "offset": [
            25,
            2.5
          ]
        }
      },
      {
        "tools@tools_tab_back": {
          "layer": 10,
          "offset": [
            50,
            2.5
          ]
        }
      },
      {
        "misc@miscellaneous_tab_front": {
          "layer": 10,
          "offset": [
            75,
            2.5
          ]
        }
      },
      {
        "search@search_tab_back": {
          "layer": 10,
          "offset": [
            135,
            2.5
          ]
        }
      }
    ]
  },
  "visual_tabs_search": {
    "type": "panel",
    "size": [
      124,
      22
    ],
    "controls": [
      {
        "survival@survival_tab_back": {
          "layer": 10,
          "offset": [
            110,
            2.5
          ]
        }
      },
      {
        "building_blocks@building_blocks_tab_back": {
          "layer": 10,
          "offset": [
            0,
            2.5
          ]
        }
      },
      {
        "decorations@decorations_tab_back": {
          "layer": 10,
          "offset": [
            25,
            2.5
          ]
        }
      },
      {
        "tools@tools_tab_back": {
          "layer": 10,
          "offset": [
            50,
            2.5
          ]
        }
      },
      {
        "misc@miscellaneous_tab_back": {
          "layer": 10,
          "offset": [
            75,
            2.5
          ]
        }
      },
      {
        "search@search_tab_front": {
          "layer": 10,
          "offset": [
            135,
            2.5
          ]
        }
      }
    ]
  },
  "armor_overlay": {
    "type": "image",
    "layer": 3,
    "size": [
      16,
      16
    ],
    "uv": [
      0,
      0
    ],
    "uv_size": [
      16,
      16
    ],
    "bindings": [
      {
        "binding_name": "#empty_armor_image_visible",
        "binding_name_override": "#visible",
        "binding_type": "collection",
        "binding_collection_name": "$item_collection_name"
      }
    ]
  },
  "armor_overlay_helmet@armor_overlay": {
    "texture": "textures/gui/newgui/empty_armor_slot_helmet"
  },
  "armor_overlay_chest@armor_overlay": {
    "texture": "textures/gui/newgui/empty_armor_slot_chestplate"
  },
  "armor_overlay_legs@armor_overlay": {
    "texture": "textures/gui/newgui/empty_armor_slot_leggings"
  },
  "armor_image_feet@armor_overlay": {
    "texture": "textures/gui/newgui/empty_armor_slot_boots"
  },
  "player_armor_panel": {
    "type": "panel",
    "size": [
      88,
      83
    ],
    "anchor_to": "top_left",
    "anchor_from": "top_left",
    "controls": [
      {
        "player_bg": {
          "type": "image",
          "texture": "textures/gui/newgui/Black",
          "size": [
            54,
            72
          ],
          "uv": [
            0,
            0
          ],
          "uv_size": [
            2,
            2
          ],
          "nineslice_size": 1,
          "layer": 2,
          "anchor_from": "top_left",
          "anchor_to": "top_left",
          "offset": [
            25,
            7
          ],
          "controls": [
            {
              "player_renderer": {
                "type": "custom",
                "renderer": "live_player_renderer",
                "property_bag": {
                  "#look_at_cursor": true
                },
                "size": [
                  30,
                  30
                ],
                "layer": 20,
                "anchor_from": "center",
                "anchor_to": "center",
                "offset": [
                  15,
                  0
                ]
              }
            }
          ]
        }
      },
      {
        "armor_grid": {
          "type": "grid",
          "layer": 1,
          "size": [
            18,
            72
          ],
          "anchor_from": "top_left",
          "anchor_to": "top_left",
          "offset": [
            7,
            7
          ],
          "grid_dimensions": [
            1,
            4
          ],
          "$item_collection_name": "armor_items",
          "collection_name": "$item_collection_name",
          "controls": [
            {
              "head_grid_item@common.container_item": {
                "grid_position": [
                  0,
                  0
                ],
                "$cell_overlay_ref": "crafting.armor_overlay_helmet"
              }
            },
            {
              "chest_grid_item@common.container_item": {
                "grid_position": [
                  0,
                  1
                ],
                "$cell_overlay_ref": "crafting.armor_overlay_chest"
              }
            },
            {
              "legs_grid_item@common.container_item": {
                "grid_position": [
                  0,
                  2
                ],
                "$cell_overlay_ref": "crafting.armor_overlay_legs"
              }
            },
            {
              "feet_grid_item@common.container_item": {
                "grid_position": [
                  0,
                  3
                ],
                "$cell_overlay_ref": "crafting.armor_image_feet"
              }
            }
          ]
        }
      }
    ]
  },
  "crafting_label": {
    "type": "label",
    "anchor_from": "top_left",
    "anchor_to": "top_left",
    "offset": [
      0,
      10
    ],
    "text": "container.crafting",
    "color": [
      0.25,
      0.25,
      0.25,
      1
    ],
    "layer": 2
  },
  "crafting_arrow": {
    "type": "image",
    "layer": 3,
    "texture": "textures/gui/newgui/arrow",
    "anchor_from": "top_left",
    "anchor_to": "top_left",
    "size": [
      16,
      13
    ],
    "uv": [
      0,
      0
    ],
    "uv_size": [
      16,
      13
    ]
  },
  "crafting_arrow_large": {
    "type": "image",
    "layer": 3,
    "texture": "textures/gui/newgui/arrow_large",
    "anchor_from": "top_left",
    "anchor_to": "top_left",
    "size": [
      22,
      15
    ],
    "uv": [
      0,
      0
    ],
    "uv_size": [
      22,
      15
    ]
  },
  "crafting_input_grid_item@common.container_item": {
    "$item_collection_name": "crafting_input_items"
  },
  "crafting_grid_3x3": {
    "type": "grid",
    "size": [
      54,
      54
    ],
    "anchor_from": "top_left",
    "anchor_to": "top_left",
    "offset": [
      0,
      16
    ],
    "grid_dimensions": [
      3,
      3
    ],
    "grid_item_template": "crafting_input_grid_item",
    "collection_name": "crafting_input_items"
  },
  "crafting_grid_2x2": {
    "type": "grid",
    "size": [
      36,
      36
    ],
    "anchor_from": "top_left",
    "anchor_to": "top_left",
    "offset": [
      0,
      25
    ],
    "grid_dimensions": [
      2,
      2
    ],
    "grid_item_template": "crafting.crafting_input_grid_item",
    "collection_name": "crafting_input_items"
  },
  "work_bench_panel_3x3": {
    "type": "panel",
    "anchor_to": "top_left",
    "anchor_from": "top_left",
    "controls": [
      {
        "crafting_label_0@crafting_label": {
          "offset": [
            -1,
            6
          ]
        }
      },
      {
        "crafting_label_1@crafting_label": {
          "offset": [
            -21,
            72
          ],
          "text": "container.inventory"
        }
      },
      {
        "crafting_arrow_large@crafting_arrow_large": {
          "offset": [
            61,
            35
          ]
        }
      },
      {
        "crafting_grid_3x3@crafting_grid_3x3": {}
      },
      {
        "work_bench_output_grid": {
          "type": "grid",
          "grid_dimensions": [
            1,
            1
          ],
          "collection_name": "crafting_output_items",
          "anchor_from": "top_left",
          "anchor_to": "top_left",
          "offset": [
            94,
            34
          ],
          "size": [
            26,
            26
          ],
          "controls": [
            {
              "work_bench_output@common.container_item": {
                "$cell_image_size": [
                  26,
                  26
                ],
                "$item_collection_name": "crafting_output_items",
                "$button_ref": "crafting.no_coalesce_container_slot_button"
              }
            }
          ]
        }
      }
    ]
  },
  "crafting_panel_2x2": {
    "type": "panel",
    "size": [
      88,
      83
    ],
    "anchor_from": "top_middle",
    "anchor_to": "top_left",
    "controls": [
      {
        "crafting_label@crafting_label": {
          "offset": [
            -1,
            15
          ],
          "text": "container.crafting"
        }
      },
      {
        "crafting_arrow@crafting_arrow": {
          "offset": [
            38,
            37
          ]
        }
      },
      {
        "crafting_grid_2x2@crafting_grid_2x2": {}
      },
      {
        "survival_crafting_output_grid": {
          "type": "grid",
          "grid_dimensions": [
            1,
            1
          ],
          "collection_name": "crafting_output_items",
          "anchor_from": "top_left",
          "anchor_to": "top_left",
          "offset": [
            56,
            34
          ],
          "size": [
            18,
            18
          ],
          "controls": [
            {
              "survival_crafting_output@common.container_item": {
                "$item_collection_name": "crafting_output_items",
                "$button_ref": "crafting.no_coalesce_container_slot_button"
              }
            }
          ]
        }
      }
    ]
  },
  "survival_panel_top_half": {
    "type": "panel",
    "size": [
      "100%",
      "50%"
    ],
    "anchor_to": "top_left",
    "anchor_from": "top_left",
    "controls": [
      {
        "player_armor_panel@player_armor_panel": {}
      },
      {
        "crafting_panel_2x2@crafting_panel_2x2": {}
      }
    ]
  },
  "crafting_panel_top_half": {
    "type": "panel",
    "size": [
      "100%",
      "50%"
    ],
    "anchor_from": "top_left",
    "anchor_to": "top_left"
  },
  "crafting_screen@common.inventory_screen_common": {
    "controls": [
      {
        "container_gamepad_helpers@common.container_gamepad_helpers": {}
      },
      {
        "screen_background@common.screen_background": {}
      },
      {
        "root_panel@common.root_panel": {
          "layer": 1,
          "controls": [
            {
              "input_panel@common.input_panel": {}
            },
            {
              "common_panel@common.common_panel": {}
            },
            {
              "crafting_screen_inventory": {
                "type": "panel",
                "layer": 5,
                "controls": [
                  {
                    "crafting_panel_top_half@crafting.crafting_panel_top_half": {
                      "controls": [
                        {
                          "work_bench_panel_3x3@work_bench_panel_3x3": {
                            "offset": [
                              29,
                              0
                            ]
                          }
                        }
                      ]
                    }
                  },
                  {
                    "inventory_panel_bottom_half@common.inventory_panel_bottom_half": {}
                  },
                  {
                    "hotbar_grid@common.hotbar_grid_template": {}
                  },
                  {
                    "inventory_take_progress_icon_button@common.inventory_take_progress_icon_button": {}
                  }
                ]
              }
            },
            {
              "inventory_selected_icon_button@common.inventory_selected_icon_button": {}
            }
          ]
        }
      }
    ]
  },
  "creative_container_item@common.container_item": {
    "$stack_count_required": true,
    "$durability_bar_required": true,
    "$button_ref": "crafting.no_coalesce_container_slot_button"
  },
  "grid_item_for_creative_building_blocks@crafting.creative_container_item": {
    "$item_collection_name": "creative_building_blocks"
  },
  "grid_item_for_creative_decorations@crafting.creative_container_item": {
    "$item_collection_name": "creative_decorations"
  },
  "grid_item_for_creative_tools@crafting.creative_container_item": {
    "$item_collection_name": "creative_tools"
  },
  "grid_item_for_creative_miscellaneous@crafting.creative_container_item": {
    "$item_collection_name": "creative_miscellaneous"
  },
  "grid_item_for_creative_search@crafting.creative_container_item": {
    "$item_collection_name": "creative_search"
  },
  "grid_item_for_creative_hotbar@crafting.creative_container_item": {
    "$item_collection_name": "hotbar_items"
  },
  "survival_inventory_screen@common.base_screen": {
    "type": "screen",
    "button_mappings": [
	  {
        "from_button_id": "button.menu_cancel",
        "to_button_id": "button.menu_exit",
        "mapping_type": "global"
      },
      {
        "from_button_id": "button.menu_inventory_cancel",
        "to_button_id": "button.menu_exit",
        "mapping_type": "global"
      },
      {
        "from_button_id": "button.menu_up",
        "to_button_id": "button.menu_up",
        "mapping_type": "global",
        "scope": "view"
      },
      {
        "from_button_id": "button.menu_down",
        "to_button_id": "button.menu_down",
        "mapping_type": "global",
        "scope": "view"
      },
      {
        "from_button_id": "button.menu_left",
        "to_button_id": "button.menu_left",
        "mapping_type": "global",
        "scope": "view"
      },
      {
        "from_button_id": "button.menu_right",
        "to_button_id": "button.menu_right",
        "mapping_type": "global",
        "scope": "view"
      },
      {
        "from_button_id": "button.menu_tab_left",
        "to_button_id": "button.menu_tab_left",
        "mapping_type": "global",
        "scope": "view"
      },
      {
        "from_button_id": "button.menu_tab_right",
        "to_button_id": "button.menu_tab_right",
        "mapping_type": "global",
        "scope": "view"
      },
	  {
        "from_button_id": "button.menu_select",
        "to_button_id": "button.cursor_drop_all",
        "mapping_type": "pressed"
      },
      {
        "from_button_id": "button.menu_secondary_select",
        "to_button_id": "button.cursor_drop_one",
        "mapping_type": "pressed"
      }
    ],
    "$screen_content": "crafting.inventory_content"
  },
  "scroll_grid": {
    "type": "grid",
    "size": [
      "100%",
      "default"
    ],
    "layer": 1,
    "anchor_to": "top_left",
    "anchor_from": "top_left",
    "collection_name": "$collection_name",
    "$binding_condition|default": "visibility_changed",
    "bindings": [
      {
        "binding_name": "#collection_total_items",
        "binding_name_override": "#maximum_grid_items",
        "binding_condition": "$binding_condition",
        "binding_type": "collection",
        "binding_collection_name": "$collection_name"
      }
    ]
  },
  "building_blocks_inventory_grid@crafting.scroll_grid": {
    "grid_rescaling_type": "horizontal",
    "grid_item_template": "crafting.grid_item_for_creative_building_blocks",
    "$collection_name": "creative_building_blocks"
  },
  "decorations_inventory_grid@crafting.scroll_grid": {
    "grid_rescaling_type": "horizontal",
    "grid_item_template": "crafting.grid_item_for_creative_decorations",
    "$collection_name": "creative_decorations"
  },
  "tools_inventory_grid@crafting.scroll_grid": {
    "grid_rescaling_type": "horizontal",
    "grid_item_template": "crafting.grid_item_for_creative_tools",
    "$collection_name": "creative_tools"
  },
  "miscellaneous_inventory_grid@crafting.scroll_grid": {
    "grid_rescaling_type": "horizontal",
    "grid_item_template": "crafting.grid_item_for_creative_miscellaneous",
    "$collection_name": "creative_miscellaneous"
  },
  "search_inventory_grid@crafting.scroll_grid": {
    "grid_rescaling_type": "horizontal",
    "grid_item_template": "crafting.grid_item_for_creative_search",
    "$collection_name": "creative_search",
    "$binding_condition": "visible"
  },
  "scroll_box_image": {
    "type": "image",
    "nineslice_size": 1,
    "texture": "textures/gui/newgui/ScrollBox",
    "uv": [
      0,
      0
    ],
    "uv_size": [
      3,
      3
    ]
  },
  "scroll_bar_side_rails": {
    "type": "image",
    "layer": 1,
    "anchor_from": "top_left",
    "anchor_to": "top_left",
    "nineslice_size": 1,
    "texture": "textures/gui/newgui/ScrollGutterWithBG",
    "uv": [
      0,
      0
    ],
    "uv_size": [
      3,
      3
    ]
  },
  "scrollbar_track": {
    "type": "panel",
    "layer": 1,
    "anchor_to": "top_right",
    "anchor_from": "top_right",
    "controls": [
      {
        "rails@crafting.scroll_bar_side_rails": {
          "allow_clipping": false
        }
      }
    ]
  },
  "scroll_background_image": {
    "type": "image",
    "layer": 1,
    "nineslice_size": 2,
    "texture": "textures/gui/newgui/Indent",
    "uv": [
      0,
      0
    ],
    "uv_size": [
      5,
      5
    ]
  },
  "creative_inventory_scroll_panel@common.scrolling_panel_with_offset": {
    "$scrolling_pane_offset": [
      7,
      20
    ],
    "$scroll_view_port_offset": [
      4,
      0
    ],
    "$scroll_view_port_offset_touch": [
      2,
      0
    ],
    "$scrolling_pane_size": [
      162,
      114
    ],
    "$scroll_background_image_control": "crafting.scroll_background_image",
    "$scroll_track_image_control": "crafting.scrollbar_track",
    "$scroll_box_mouse_image_control": "crafting.scroll_box_image",
    "$scroll_box_touch_image_control": "common.new_touch_scrollbar_box_image",
    "$scrolling_panel_base_button_mappings": [
      {
        "from_button_id": "button.menu_select",
        "to_button_id": "button.cursor_destroy_all",
        "mapping_type": "pressed"
      },
      {
        "from_button_id": "button.menu_secondary_select",
        "to_button_id": "button.cursor_destroy_one",
        "mapping_type": "pressed"
      }
    ]
  },
  "building_block_scroll_panel@crafting.creative_inventory_scroll_panel": {
    "$scrolling_content": "crafting.building_blocks_inventory_grid"
  },
  "decorations_scroll_panel@crafting.creative_inventory_scroll_panel": {
    "$scrolling_content": "crafting.decorations_inventory_grid"
  },
  "tools_scroll_panel@crafting.creative_inventory_scroll_panel": {
    "$scrolling_content": "crafting.tools_inventory_grid"
  },
  "miscellaneous_scroll_panel@crafting.creative_inventory_scroll_panel": {
    "$scrolling_content": "crafting.miscellaneous_inventory_grid"
  },
  "search_scroll_panel@crafting.creative_inventory_scroll_panel": {
    "$scrolling_content": "crafting.search_inventory_grid"
  },
  "creative_label": {
    "type": "label",
    "anchor_from": "top_left",
    "anchor_to": "top_left",
    "offset": [
      12,
      9
    ],
    "text": "$label_text",
    "color": [
      0.25,
      0.25,
      0.25,
      1
    ],
    "layer": 1
  },
  "creative_inventory_screen@common.base_screen": {
    "type": "screen",
    "button_mappings": [
	  {
        "from_button_id": "button.menu_cancel",
        "to_button_id": "button.menu_exit",
        "mapping_type": "global"
      },
      {
        "from_button_id": "button.menu_inventory_cancel",
        "to_button_id": "button.menu_exit",
        "mapping_type": "global"
      },
      {
        "from_button_id": "button.menu_up",
        "to_button_id": "button.menu_up",
        "mapping_type": "global",
        "scope": "view"
      },
      {
        "from_button_id": "button.menu_down",
        "to_button_id": "button.menu_down",
        "mapping_type": "global",
        "scope": "view"
      },
      {
        "from_button_id": "button.menu_left",
        "to_button_id": "button.menu_left",
        "mapping_type": "global",
        "scope": "view"
      },
      {
        "from_button_id": "button.menu_right",
        "to_button_id": "button.menu_right",
        "mapping_type": "global",
        "scope": "view"
      },
      {
        "from_button_id": "button.menu_tab_left",
        "to_button_id": "button.menu_tab_left",
        "mapping_type": "global",
        "scope": "view"
      },
      {
        "from_button_id": "button.menu_tab_right",
        "to_button_id": "button.menu_tab_right",
        "mapping_type": "global",
        "scope": "view"
      },
	  {
        "from_button_id": "button.menu_select",
        "to_button_id": "button.cursor_drop_all",
        "mapping_type": "pressed"
      },
      {
        "from_button_id": "button.menu_secondary_select",
        "to_button_id": "button.cursor_drop_one",
        "mapping_type": "pressed"
      }
    ],
    "$screen_content": "crafting.inventory_content"
  },
  "inventory_content": {
    "type": "panel",
    "controls": [
	  { "container_gamepad_helpers@common.container_gamepad_helpers": { } },
      { "screen_background@common.screen_background": { } },
	  { "inventory_take_progress_icon_button@common.inventory_take_progress_icon_button": { } },
	  { "inventory_selected_icon_button@common.inventory_selected_icon_button": { } },
      {
        "container": {
          "type": "panel",
          "size": [
            319,
            199
          ],
          "controls": [
            {
              "dialog_content@dialog_content": {}
            }
          ]
        }
      }
    ]
  },
  "dialog_content": {
    "type": "panel",
    "anchor_from": "top_middle",
    "anchor_to": "top_middle",
    "controls": [
      {
        "selector_area@crafting.selector_area": {
		  }
      },
	  {
        "background@common.dialog_background_opaque": {
		  }
      },
	  {
        "close_button@common.close_button": { }
      },
      {
        "inventory_title_label@crafting.inventory_title_label": {
          "offset": [
            0,
            9
          ]
        }
      },
      {
        "content_area@crafting.content_area": {
		}
      }
    ]
  },
  "inventory_title_label": {
    "type": "label",
    "anchor_from": "top_middle",
    "anchor_to": "top_middle",
    "layer": 2,
    "color": [
      0.275,
      0.275,
      0.275
    ],
    "text": "Inventory Tweaks"
  },
  "selector_area": {
    "type": "panel",
    "offset": [
      "8px",
      "23px"
    ],
    "size": [
      "40% - 8px",
      "100% - 31px"
    ],
    "anchor_from": "top_left",
    "anchor_to": "top_left",
    "controls": [
      {
        "scrolling_panel@common.scrolling_panel": {
          "$scrolling_content": "crafting.scrollable_selector_area_content",
          "$show_background": false,
          "$scroll_size": [
            "5px",
            "100% - 4px"
          ],
          "$scroll_bar_left_padding_size": [
            0,
            0
          ]
        }
      }
    ]
  },
  "content_area": {
    "type": "stack_panel",
	"offset": [ "-8px", "23px" ],
    "size": [ "60% - 12px", "100% - 31px" ],
    "anchor_from": "top_right",
    "anchor_to": "top_right",
    "controls": [
      {
        "inventory@common.base_screen": {
          "size": [
            "100%",
            "fill"
          ],
          "$screen_content": "crafting.section_content_panels",
          "$show_background": false
        }
      }
    ]
  },
  "scrollable_selector_area_content": {
    "type": "panel",
    "offset": [
      "2px",
      "2px"
    ],
    "size": [
      "100% - 4px",
      "100%c + 4px"
    ],
    "controls": [
      {
        "selector_panel@crafting.selector_stack_panel": {}
      }
    ]
  },
  "section_content_panels": {
    "type": "panel",
    "anchor_from": "top_left",
    "anchor_to": "top_left",
    "size": [
      "100% - 4px",
      "100%c + 4px"
    ],
    "controls": [
      {
        "basic_inv@crafting.basic_inv": {
	    }
      },
	  {
        "building_blocks_inv@crafting.building_blocks_inv": {
	    }
      },
	  {
        "decorations_inv@crafting.decorations_inv": {
	    }
      },
	  {
        "tools_inv@crafting.tools_inv": {
	    }
      },
	  {
        "miscellaneous_inv@crafting.miscellaneous_inv": {
	    }
      },
	  {
        "search_inv@crafting.search_inv": {
	    }
      },
	  {
        "crafting_inv@crafting.crafting_inv": {
	    }
      },
	  {
        "options@crafting.options": {
	    }
      }
    ]
  },
  "selector_stack_panel": {
    "type": "stack_panel",
    "anchor_from": "top_left",
    "anchor_to": "top_left",
    "orientation": "vertical",
    "$default_selector_toggle_index": 1,
    "controls": [
      {
        "selector_pane": {
          "type": "stack_panel",
          "controls": [
            {
              "basic_button@basic_button": {
                "$toggle_group_forced_index": 1
              }
            },
			{
              "building_blocks_button@building_blocks_button": {
                "$toggle_group_forced_index": 2
              }
            },
			{
              "decorations_button@decorations_button": {
                "$toggle_group_forced_index": 3
              }
            },
			{
              "tools_button@tools_button": {
                "$toggle_group_forced_index": 4
              }
            },
			{
              "miscellaneous_button@miscellaneous_button": {
                "$toggle_group_forced_index": 5
              }
            },
			{
              "search_button@search_button": {
                "$toggle_group_forced_index": 6
              }
            },
			{
              "crafting_button@crafting_button": {
                "$toggle_group_forced_index": 7
              }
            },
			{
              "options_button@options_button": {
                "$toggle_group_forced_index": 8
              }
            }
          ]
        }
      }
    ]
  },
  "basic_button@settings_common.section_toggle_base": {
    "$glyph_uv": [
      0,
      0
    ],
    "$glyph_uvsize": [
      0,
      0
    ],
	"$color": [
      0.275,
      0.275,
      0.275
    ],
    "$button_label_text": "container.inventory"
  },
  "building_blocks_button@settings_common.section_toggle_base": {
    "$glyph_uv": [
      0,
      0
    ],
    "$glyph_uvsize": [
      0,
      0
    ],
	"$color": [
      0.275,
      0.275,
      0.275
    ],
    "$button_label_text": "craftingScreen.tab.buildingBlocks"
  },
  "decorations_button@settings_common.section_toggle_base": {
    "$glyph_uv": [
      0,
      0
    ],
    "$glyph_uvsize": [
      0,
      0
    ],
	"$color": [
      0.275,
      0.275,
      0.275
    ],
    "$button_label_text": "craftingScreen.tab.decorations"
  },
  "tools_button@settings_common.section_toggle_base": {
	"$glyph_uv": [
      0,
      0
    ],
    "$glyph_uvsize": [
      0,
      0
    ],
	"$color": [
      0.275,
      0.275,
      0.275
    ],
    "$button_label_text": "craftingScreen.tab.tools"
  },
  "miscellaneous_button@settings_common.section_toggle_base": {
    "$glyph_uv": [
      0,
      0
    ],
    "$glyph_uvsize": [
      0,
      0
    ],
	"$color": [
      0.275,
      0.275,
      0.275
    ],
    "$button_label_text": "craftingScreen.tab.miscellaneous"
  },
  "search_button@settings_common.section_toggle_base": {
    "$glyph_uv": [
      0,
      0
    ],
    "$glyph_uvsize": [
      0,
      0
    ],
	"$color": [
      0.275,
      0.275,
      0.275
    ],
    "$button_label_text": "itemGroup.search"
  },
  "crafting_button@settings_common.section_toggle_base": {
    "$glyph_uv": [
      0,
      0
    ],
    "$glyph_uvsize": [
      0,
      0
    ],
	"$color": [
      0.275,
      0.275,
      0.275
    ],
    "$button_label_text": "Crafting (Unfinished)"
  },
  "options_button@settings_common.section_toggle_base": {
    "$glyph_uv": [
      0,
      0
    ],
    "$glyph_uvsize": [
      0,
      0
    ],
	"$color": [
      0.275,
      0.275,
      0.275
    ],
    "$button_label_text": "Options (Dev State!)"
  },
  "options": {
    "type": "stack_panel",
	"anchor_from": "top_left",
    "anchor_to": "top_left",
    "size": [
      "100%",
      "100%"
    ],
	"offset": [
      2,
      0
    ],
    "bindings": [
      {
        "binding_type": "view",
        "source_control_name": "options_button",
        "source_property_name": "#toggle_state",
        "target_property_name": "#visible"
      }
    ],
    "controls": [
	  {
        "option_dropdown_1@settings_common.option_dropdown": {
          "$option_label": "createWorldScreen.gameMode.personal",
          "$dropdown_content": "crafting.player_game_mode_dropdown_content",
          "$dropdown_area": "content_area",
          "$dropdown_name": "player_game_mode_dropdown",
          "$options_dropdown_toggle_label_binding": "#player_game_mode_dropdown_toggle_label",
          "$option_enabled_binding_name": "#player_game_mode_dropdown_enabled",
          "$dropdown_scroll_content_size": [ "100%", "200%" ]
        }
      },
	  {
        "option_dropdown_2@settings_common.option_dropdown": {
          "$option_label": "options.difficulty",
          "$dropdown_content": "crafting.world_difficulty_dropdown_content",
          "$dropdown_area": "content_area",
          "$dropdown_name": "world_difficulty_dropdown",
          "$options_dropdown_toggle_label_binding": "#world_difficulty_dropdown_toggle_label",
          "$option_enabled_binding_name": "#world_difficulty_dropdown_enabled",
          "$dropdown_scroll_content_size": [ "100%", "260%" ]
        }
      },
	  {
        "allow_cheats_toggle@settings_common.option_toggle": {
          "$option_label": "selectWorld.cheats",
          "$option_binding_name": "#allow_cheats",
          "$option_enabled_binding_name": "#allow_cheats_enabled",
          "$toggle_name": "allow_cheats"
        }
      },
	  {
        "always_day_toggle@settings_common.option_toggle": {
          "$option_label": "createWorldScreen.alwaysDay",
          "$option_binding_name": "#always_day",
          "$option_enabled_binding_name": "#always_day_enabled",
          "$toggle_name": "always_day"
        }
      }
    ]
  },
  "player_game_mode_dropdown_content@settings_common.option_radio_dropdown_group": {
    "$radio_buttons": [
      {
        "player_survival_mode_toggle@settings_common.radio_with_label": {
          "$toggle_state_binding_name": "#player_game_mode_survival",
          "$radio_label_text": "createWorldScreen.gameMode.survival"
        }
      },
      {
        "player_creative_mode_toggle@settings_common.radio_with_label": {
          "$toggle_state_binding_name": "#player_game_mode_creative",
          "$radio_label_text": "createWorldScreen.gameMode.creative"
        }
      },
      {
        "player_spectator_mode_toggle@settings_common.radio_with_label": {
          "$toggle_state_binding_name": "#player_game_mode_spectator",
          "$radio_label_text": "createWorldScreen.gameMode.spectator"
        }
      },
      {
        "player_adventure_mode_toggle@settings_common.radio_with_label": {
          "$toggle_state_binding_name": "#player_game_mode_adventure",
          "$radio_label_text": "createWorldScreen.gameMode.adventure"
        }
      },
      {
        "player_hardcore_mode_toggle@settings_common.radio_with_label": {
          "$toggle_state_binding_name": "#player_game_mode_hardcore",
          "$radio_label_text": "createWorldScreen.gameMode.hardcore"
        }
      }
    ]
  },
  "world_difficulty_dropdown_content@settings_common.option_radio_dropdown_group": {
    "$radio_buttons": [
      {
        "@settings_common.radio_with_label": {
          "$toggle_state_binding_name": "#world_difficulty_peaceful",
          "$radio_label_text": "options.difficulty.peaceful"
        }
      },
      {
        "@settings_common.radio_with_label": {
          "$toggle_state_binding_name": "#world_difficulty_easy",
          "$radio_label_text": "options.difficulty.easy"
        }
      },
      {
        "@settings_common.radio_with_label": {
          "$toggle_state_binding_name": "#world_difficulty_normal",
          "$radio_label_text": "options.difficulty.normal"
        }
      },
      {
        "@settings_common.radio_with_label": {
          "$toggle_state_binding_name": "#world_difficulty_hard",
          "$radio_label_text": "options.difficulty.hard"
        }
      }
    ]
  },
  "basic_inv": {
    "type": "stack_panel",
	"anchor_from": "top_left",
    "anchor_to": "top_left",
    "size": [
      "100%",
      "100%"
    ],
	"offset": [
      2,
      0
    ],
    "bindings": [
      {
        "binding_type": "view",
        "source_control_name": "basic_button",
        "source_property_name": "#toggle_state",
        "target_property_name": "#visible"
      }
    ],
    "controls": [
      {
        "survival": {
          "type": "stack_panel",
          "controls": [
            {
              "container_gamepad_helpers@common.container_gamepad_helpers": {}
            },
            {
              "screen_background@common.screen_background": {}
            },
            {
              "root_panel@common.root_panel": {
                "layer": 1,
                "controls": [
                  {
                    "survival_screen_inventory": {
                      "type": "panel",
                      "layer": 5,
                      "controls": [
                        {
                          "survival_panel_top_half@crafting.survival_panel_top_half": {}
                        },
                        {
                          "inventory_panel_bottom_half@common.inventory_panel_bottom_half": {}
                        },
                        {
                          "hotbar_grid@common.hotbar_grid_template": {}
                        },
                        {
                          "inventory_take_progress_icon_button@common.inventory_take_progress_icon_button": {}
                        }
                      ]
                    }
                  }
                ]
              }
            }
          ]
        }
      }
    ]
  },
  "building_blocks_inv": {
    "type": "stack_panel",
	"anchor_from": "top_left",
    "anchor_to": "top_left",
    "size": [
      "100%",
      "100%"
    ],
	"offset": [
      2,
      0
    ],
    "bindings": [
      {
        "binding_type": "view",
        "source_control_name": "building_blocks_button",
        "source_property_name": "#toggle_state",
        "target_property_name": "#visible"
      }
    ],
    "controls": [
      {
        "building_blocks": {
          "type": "stack_panel",
          "controls": [
            {
              "container_gamepad_helpers@common.container_gamepad_helpers": {}
            },
            {
              "screen_background@common.screen_background": {}
            },
            {
              "root_panel@common.root_panel": {
                "layer": 1,
                "controls": [
                  {
                    "survival_screen_inventory": {
                      "type": "panel",
                      "layer": 5,
                      "controls": [
					    {
                    "creative_label@crafting.creative_label": {
                      "$label_text": "craftingScreen.tab.buildingBlocks"
                    }
                  },
                  {
                    "build_block_scroll_pane@crafting.building_block_scroll_panel": { }
                  },
                  {
                    "hotbar_grid@common.hotbar_grid_template": {
                      "grid_item_template": "grid_item_for_creative_hotbar"
                    }
                  }
                      ]
                    }
                  }
                ]
              }
            }
          ]
        }
      }
    ]
  },
  "decorations_inv": {
    "type": "stack_panel",
	"anchor_from": "top_left",
    "anchor_to": "top_left",
    "size": [
      "100%",
      "100%"
    ],
	"offset": [
      2,
      0
    ],
    "bindings": [
      {
        "binding_type": "view",
        "source_control_name": "decorations_button",
        "source_property_name": "#toggle_state",
        "target_property_name": "#visible"
      }
    ],
    "controls": [
      {
        "building_blocks": {
          "type": "stack_panel",
          "controls": [
            {
              "container_gamepad_helpers@common.container_gamepad_helpers": {}
            },
            {
              "screen_background@common.screen_background": {}
            },
            {
              "root_panel@common.root_panel": {
                "layer": 1,
                "controls": [
                  {
                    "survival_screen_inventory": {
                      "type": "panel",
                      "layer": 5,
                      "controls": [
					    {
                    "creative_label@crafting.creative_label": {
                      "$label_text": "craftingScreen.tab.decorations"
                    }
                  },
                  {
                    "decorations_scroll_pane@crafting.decorations_scroll_panel": { }
                  },
                  {
                    "hotbar_grid@common.hotbar_grid_template": {
                      "grid_item_template": "grid_item_for_creative_hotbar"
                    }
                  }
                      ]
                    }
                  }
                ]
              }
            }
          ]
        }
      }
    ]
  },
  "tools_inv": {
    "type": "stack_panel",
	"anchor_from": "top_left",
    "anchor_to": "top_left",
    "size": [
      "100%",
      "100%"
    ],
	"offset": [
      2,
      0
    ],
    "bindings": [
      {
        "binding_type": "view",
        "source_control_name": "tools_button",
        "source_property_name": "#toggle_state",
        "target_property_name": "#visible"
      }
    ],
    "controls": [
      {
        "building_blocks": {
          "type": "stack_panel",
          "controls": [
            {
              "container_gamepad_helpers@common.container_gamepad_helpers": {}
            },
            {
              "screen_background@common.screen_background": {}
            },
            {
              "root_panel@common.root_panel": {
                "layer": 1,
                "controls": [
                  {
                    "survival_screen_inventory": {
                      "type": "panel",
                      "layer": 5,
                      "controls": [
					    {
                    "creative_label@crafting.creative_label": {
                      "$label_text": "craftingScreen.tab.tools"
                    }
                  },
                  {
                    "tools_scroll_pane@crafting.tools_scroll_panel": { }
                  },
                  {
                    "hotbar_grid@common.hotbar_grid_template": {
                      "grid_item_template": "grid_item_for_creative_hotbar"
                    }
                  }
                      ]
                    }
                  }
                ]
              }
            }
          ]
        }
      }
    ]
  },
  "miscellaneous_inv": {
    "type": "stack_panel",
	"anchor_from": "top_left",
    "anchor_to": "top_left",
    "size": [
      "100%",
      "100%"
    ],
	"offset": [
      2,
      0
    ],
    "bindings": [
      {
        "binding_type": "view",
        "source_control_name": "miscellaneous_button",
        "source_property_name": "#toggle_state",
        "target_property_name": "#visible"
      }
    ],
    "controls": [
      {
        "building_blocks": {
          "type": "stack_panel",
          "controls": [
            {
              "container_gamepad_helpers@common.container_gamepad_helpers": {}
            },
            {
              "screen_background@common.screen_background": {}
            },
            {
              "root_panel@common.root_panel": {
                "layer": 1,
                "controls": [
                  {
                    "survival_screen_inventory": {
                      "type": "panel",
                      "layer": 5,
                      "controls": [
					    {
                    "creative_label@crafting.creative_label": {
                      "$label_text": "craftingScreen.tab.miscellaneous"
                    }
                  },
                  {
                    "miscellaneous_scroll_pane@crafting.miscellaneous_scroll_panel": { }
                  },
                  {
                    "hotbar_grid@common.hotbar_grid_template": {
                      "grid_item_template": "grid_item_for_creative_hotbar"
                    }
                  }
                      ]
                    }
                  }
                ]
              }
            }
          ]
        }
      }
    ]
  },
  "search_inv": {
    "type": "stack_panel",
	"anchor_from": "top_left",
    "anchor_to": "top_left",
    "size": [
      "100%",
      "100%"
    ],
	"offset": [
      2,
      0
    ],
    "bindings": [
      {
        "binding_type": "view",
        "source_control_name": "search_button",
        "source_property_name": "#toggle_state",
        "target_property_name": "#visible"
      }
    ],
    "controls": [
      {
        "building_blocks": {
          "type": "stack_panel",
          "controls": [
            {
              "container_gamepad_helpers@common.container_gamepad_helpers": {}
            },
            {
              "screen_background@common.screen_background": {}
            },
            {
              "root_panel@common.root_panel": {
                "layer": 1,
                "controls": [
                  {
                    "survival_screen_inventory": {
                      "type": "panel",
                      "layer": 5,
                      "controls": [
					    {
                    "search_stack_panel": {
                      "type": "stack_panel",
                      "anchor_from": "top_left",
                      "anchor_to": "top_left",
                      "orientation": "horizontal",
                      "size": [ 140, 15 ],
                      "offset": [ 12, 9 ],
                      "controls": [
                        {
                          "creative_label@crafting.creative_label": {
                            "$label_text": "itemGroup.search"
                          }
                        },
                        {
                          "padding_panel": {
                            "type": "panel",
                            "size": [ "fill", 12 ],
                            "controls": [
                              {
                                "text_edit_control@common.text_edit_box": {
                                  "offset": [ 2, -3 ],
                                  "property_bag": {
                                    "#property_field": "#item_name"
                                  },
                                  "max_length": 30,
                                  "$text_edit_binding_name": "#text_box_item_name",
                                  "$text_edit_box_label_size": [ "default", 10 ]
                                }
                              }
                            ]
                          }
                        }
                      ]
                    }

                  },
                  {
                    "search_scroll_pane@crafting.search_scroll_panel": { }
                  },
                  {
                    "hotbar_grid@common.hotbar_grid_template": {
                      "grid_item_template": "grid_item_for_creative_hotbar"
                    }
                  }
                      ]
                    }
                  }
                ]
              }
            }
          ]
        }
      }
    ]
  },
  "crafting_inv": {
    "type": "stack_panel",
	"anchor_from": "top_left",
    "anchor_to": "top_left",
    "size": [
      "100%",
      "100%"
    ],
	"offset": [
      2,
      0
    ],
    "bindings": [
      {
        "binding_type": "view",
        "source_control_name": "crafting_button",
        "source_property_name": "#toggle_state",
        "target_property_name": "#visible"
      }
    ],
    "controls": [
      {
        "survival": {
          "type": "stack_panel",
          "controls": [
            {
              "container_gamepad_helpers@common.container_gamepad_helpers": {}
            },
            {
              "screen_background@common.screen_background": {}
            },
            {
              "root_panel@common.root_panel": {
                "layer": 1,
                "controls": [
                  {
                    "survival_screen_inventory": {
                      "type": "panel",
                      "layer": 5,
                      "controls": [
                        {
                    "crafting_panel_top_half@crafting.crafting_panel_top_half": {
                      "controls": [
                        {
                          "work_bench_panel_3x3@work_bench_panel_3x3": {
                            "offset": [ 29, 0 ]
                          }
                        }
                      ]
                    }
                  },
                  { "inventory_panel_bottom_half@common.inventory_panel_bottom_half": { } },
                  { "hotbar_grid@common.hotbar_grid_template": { } },
                  { "inventory_take_progress_icon_button@common.inventory_take_progress_icon_button": { } }
                ]
              }
            }
                ]
              }
            }
          ]
        }
      }
    ]
  }
}