{
  "game.tnt.primed": {
    "category": "block",
	"replace": "true",
    "sounds": [
      "weeheehee/tnt"
    ]
  },
  "gui.button.press": {
    "category": "master",
	"replace": "true",
    "sounds": [
      "weeheehee/guiclick"
    ]
  },
  "random.bow": {
    "category": "neutral",
	"replace": "true",
    "sounds": [
      "weeheehee/bow"
    ]
  },
  "random.bowhit": {
    "category": "neutral",
	"replace": "true",
    "sounds": [
      "weeheehee/bowhit1",
      "weeheehee/bowhit2",
      "weeheehee/bowhit3",
      "weeheehee/bowhit4"
    ]
  },
  "random.successful_hit": {
    "category": "player",
	"replace": "true",
    "sounds": [
      "weeheehee/successful_hit"
    ]
  }
}