{
  "namespace": "beacon_pocket",

  "flying_item_renderer": {
    "type": "custom",
    "renderer": "flying_item_renderer",
    "property_bag": {
      "#flying_item_renderer": true
    }
  },

  "generic_label": {
    "type": "label",
    "anchor_from": "center",
    "anchor_to": "center",
    "color": [ 1.0, 1.0, 1.0, 1.0 ],
    "shadow": true
  },

  // Close Button //

  "close_button_default@beacon_pocket.sprite_sheet_base": {
    "uv": [ 60, 0 ],
    "uv_size": [ 18, 18 ]
  },
  "close_button_pressed@beacon_pocket.close_button_default": {
    "uv": [ 78, 0 ]
  },
  "close_button@common.button": {
    "$pressed_button_name": "button.menu_exit",
    "size": [ 18, 18 ],
    "anchor_from": "top_right",
    "anchor_to": "top_right",
    "focus_enabled": false,
    "controls": [
      { "default@beacon_pocket.close_button_default": { } },
      { "hover@beacon_pocket.close_button_default": { } },
      { "pressed@beacon_pocket.close_button_pressed": { } }
    ]
  },

  // Header //

  "header_panel": {
    "type": "panel",
    "size": [ "100%", "27px" ],
    "anchor_from": "top_middle",
    "anchor_to": "top_middle",
    "controls": [
      {
        "header_background": {
          "type": "image",
          "nineslice_size": [ 3, 3, 3, 6 ],
          "texture": "textures/gui/newgui/TopBar",
          "uv": [ 0, 0 ],
          "uv_size": [ 5, 8 ]
        }
      },
      {
        "title_label@beacon_pocket.generic_label": {
          "text": "container.beacon",
          "layer": 1
        }
      },
      {
        "x@beacon_pocket.close_button": {
          "layer": 1
        }
      }
    ]
  },

  // Base images //

  "sprite_sheet_base": {
    "type": "image",
    "texture": "textures/gui/spritesheet"
  },
  "gui_sheet_base": {
    "type": "image",
    "texture": "textures/gui/gui"
  },
  "panel_outline@beacon_pocket.sprite_sheet_base": {
    "nineslice_size": 1.0,
    "uv": [ 28, 42 ],
    "uv_size": [ 4, 4 ]
  },
  "dark_bg@beacon_pocket.gui_sheet_base": {
    "uv": [ 200, 46 ],
    "uv_size": [ 16, 16 ],
    "nineslice_size": 1.0
  },
  "background_image@beacon_pocket.sprite_sheet_base": {
    "uv": [ 34, 43 ],
    "uv_size": [ 14, 14 ],
    "nineslice_size": 4.0
  },

  // Valid Item Images //

  "item_seperator": {
    "type": "image",
    "texture": "textures/gui/newgui/beacon/beacon_item_seperator_pocket",
    "size": [ 5, 18 ],
    "uv_size": [ 5, 18 ],
    "anchor_to": "left_middle",
    "anchor_from": "left_middle"
  },
  "item_renderer": {
    "type": "custom",
    "renderer": "inventory_item_renderer",
    "size": [ 18, 18 ],
    "anchor_to": "left_middle",
    "anchor_from": "left_middle"
  },
  "usable_items_panel": {
    "type": "panel",
    "size": [ 82, 18 ],
    "controls": [
      {
        "emerald@beacon_pocket.item_renderer": {
          "offset": [ 0, 0 ],
          "property_bag": {
            "#item_id_aux": 25427968
          }
        }
      },
      {
        "@beacon_pocket.item_seperator": {
          "offset": [ 16, 0 ]
        }
      },
      {
        "diamond@beacon_pocket.item_renderer": {
          "offset": [ 22, 0 ],
          "property_bag": {
            "#item_id_aux": 17301504
          }
        }
      },
      {
        "@beacon_pocket.item_seperator": {
          "offset": [ 38, 0 ]
        }
      },
      {
        "gold@beacon_pocket.item_renderer": {
          "offset": [ 44, 0 ],
          "property_bag": {
            "#item_id_aux": 17432576
          }
        }
      },
      {
        "@beacon_pocket.item_seperator": {
          "offset": [ 60, 0 ]
        }
      },
      {
        "iron@beacon_pocket.item_renderer": {
          "offset": [ 66, 0 ],
          "property_bag": {
            "#item_id_aux": 17367040
          }
        }
      }
    ]
  },

  // Pyramid Images //

  "pyramid_image@beacon_pocket.gui_sheet_base": {
    "$pyramid_size|default": [ 19, 20 ],
    "size": "$pyramid_size",
    "uv_size": [ 19, 20 ],
    "anchor_to": "center",
    "anchor_from": "center"
  },
  "pyramid_panel": {
    "type": "panel",
    "size": [ 19, 24 ],
    "layer": 5,
    "anchor_to": "top_left",
    "anchor_from": "top_left",
    "controls": [
      {
        "@pyramid_image": {
          "uv": "$pyramid_uv"
        }
      }
    ]
  },

  // Backgrounds //

  "background_panel@beacon_pocket.sprite_sheet_base": {
    "size": [ "100%", "100%" ],
    "nineslice_size": 4.0,
    "uv": [ 0, 0 ],
    "uv_size": [ 16, 16 ]
  },
  "beacon_background": {
    "type": "image",
    "texture": "textures/gui/newgui/beacon/beacon_background_pocket",
    "size": [ "100%", "100%" ],
    "nineslice_size": 4.0,
    "uv_size": [ 10, 10 ],
    "anchor_from": "top_middle",
    "anchor_to": "top_middle",
    "controls": [
      {
        "middle_strip@beacon_pocket.gui_sheet_base": {
          "offset": [ 0, 3 ],
          "layer": 1,
          "anchor_from": "top_middle",
          "anchor_to": "top_middle",
          "uv": [ 131, 118 ],
          "nineslice_size": 1.0,
          "size": [ 2, "100%-6px" ],
          "uv_size": [ 2, 1 ]
        }
      }
    ]
  },

  // Inventory //

  "inventory_grid": {
    "type": "grid",
    "grid_rescaling_type": "horizontal",
    "anchor_to": "top_left",
    "anchor_from": "top_left",
    "size": [ "100% - 4px", "default" ],
    "maximum_grid_items": "$container_size",
    "collection_name": "$pane_collection",
    "$item_renderer": "common.filtered_item_renderer",
    "grid_item_template": "common.pocket_ui_container_item",
    "$item_collection_name": "$pane_collection",
    "bindings": [
      {
        "binding_name": "#collection_total_items",
        "binding_name_override": "#maximum_grid_items",
        "binding_type": "collection",
        "binding_condition": "visible",
        "binding_collection_name": "$pane_collection"
      }
    ]
  },
  "inventory_panel": {
    "type": "panel",
    "size": [ "100%", "100%" ],
    "$scrolling_content": "beacon_pocket.inventory_grid",
    "controls": [
      { "@beacon_pocket.panel_outline": { "layer": 1 } },
      {
        "@common.scrolling_panel": {
          "size": [ "100%-2px", "100%-2px" ],
          "anchor_to": "top_left",
          "anchor_from": "top_left",
          "$show_background": false,
          "$scrolling_pane_size": [ "100%-2px", "100%-2px" ],
          "offset": [ 1, 1 ],
          "$scroll_size": [ "8px", "100%" ],
          "$scroll_box_mouse_image_control": "common-classic.button_state_default"
        }
      },
      { "@beacon_pocket.dark_bg": { } }
    ]
  },

  // Buttons //

  "highlight_hover_square": {
    "type": "panel",
    "size": [ "100%", "100%" ],

    "controls": [
      {
        "highlight_square@common.pocket_ui_highlight_slot": {
          "visible": false,
          "nineslice_size": 4.0,

          "bindings": [
            {
              "binding_name": "#gamepad_helper_visible",
              "binding_name_override": "#visible"
            }
          ]
        }
      }
    ]
  },

  "button_unchecked_default": {
    "type": "image",
    "texture": "textures/gui/newgui/beacon/beacon_default_button_pocket",
    "nineslice_size": 1.0,
    "uv_size": [ 3, 3 ]
  },
  "button_unchecked_hover": {
    "type": "image",
    "texture": "textures/gui/newgui/beacon/beacon_default_button_pocket",
    "nineslice_size": 1.0,
    "uv_size": [ 3, 3 ],
    "uv": [ 0, 0 ],
    "controls": [
      { "@beacon_pocket.highlight_hover_square": { } }
    ]
  },
  "button_checked": {
    "type": "image",
    "texture": "textures/gui/newgui/beacon/beacon_selected_button_pocket",
    "nineslice_size": 1.0,
    "uv_size": [ 3, 3 ]
  },
  "button_checked_hover@beacon_pocket.button_checked": {
    "controls": [
      { "@beacon_pocket.highlight_hover_square": { } }
    ]
  },
  "button_locked@beacon_pocket.inactive_button_image": { },
  "button_locked_hover@beacon_pocket.inactive_button_image": {
    "controls": [
      { "@beacon_pocket.highlight_hover_square": { } }
    ]
  },
  "toggle_button@common.toggle": {
    "size": [ 22, 22 ],
    "layer": 1,
    "anchor_from": "center",
    "anchor_to": "center",
    "$toggle_name": "$button_name",
    "$unchecked_control": "beacon_pocket.button_unchecked_default",
    "$checked_control": "beacon_pocket.button_checked",
    "$unchecked_hover_control": "beacon_pocket.button_unchecked_hover",
    "$checked_hover_control": "beacon_pocket.button_checked_hover",
    "$unchecked_locked_control": "beacon_pocket.button_locked",
    "$checked_locked_control": "beacon_pocket.button_locked",
    "$unchecked_locked_hover_control": "beacon_pocket.button_locked_hover",
    "$checked_locked_hover_control": "beacon_pocket.button_locked_hover",

    "bindings": [
      {
        "binding_name": "#button_visible",
        "binding_name_override": "#visible",
        "binding_collection_name": "$button_name",
        "binding_type": "collection"
      },
      {
        "binding_collection_name": "$button_name",
        "binding_type": "collection_details"
      },
      {
        "binding_type": "collection",
        "binding_name": "#selected",
        "binding_collection_name": "$button_name",
        "binding_name_override": "#toggle_state"
      }
    ],
    "button_mappings": [
      {
        "from_button_id": "button.menu_select",
        "to_button_id": "button.menu_ok",
        "mapping_type": "pressed"
      },
      {
        "from_button_id": "button.menu_ok",
        "to_button_id": "button.menu_ok",
        "mapping_type": "pressed"
      }
    ]

  },
  "base_button@common.button": {
    "size": [ "100%", "100%" ],
    "layer": 2,
    "anchor_from": "center",
    "anchor_to": "center",
    "bindings": [
      {
        "binding_name": "$button_active",
        "binding_name_override": "#visible",
        "binding_collection_name": "$button_name",
        "binding_type": "collection"
      },
      {
        "binding_collection_name": "$button_name",
        "binding_type": "collection_details"
      }
    ],
    "controls": [
      {
        "default": {
          "type": "image",
          "texture": "textures/gui/newgui/beacon/beacon_default_button_pocket",
          "nineslice_size": 1.0,
          "uv_size": [ 3, 3 ]
        }
      },
      {
        "hover": {
          "type": "image",
          "texture": "textures/gui/newgui/beacon/beacon_default_button_pocket",
          "nineslice_size": 1.0,
          "uv_size": [ 3, 3 ],
          "uv": [ 0, 0 ],
          "controls": [
            { "@beacon_pocket.highlight_hover_square": { } }
          ]
        }
      },
      {
        "pressed@beacon_pocket.gui_sheet_base": {
          "nineslice_size": 1.0,
          "uv_size": [ 22, 22 ],
          "uv": [ 210, 184 ]
        }
      }
    ]
  },
  "active_button@beacon_pocket.base_button": {
    "$button_active": "#active",
    "button_mappings": [
      {
        "from_button_id": "button.menu_select",
        "to_button_id": "button.menu_ok",
        "mapping_type": "pressed"
      },
      {
        "from_button_id": "button.menu_ok",
        "to_button_id": "button.menu_ok",
        "mapping_type": "pressed"
      }
    ]
  },
  "inactive_button_image@beacon_pocket.gui_sheet_base": {
    "nineslice_size": 1.0,
    "uv_size": [ 22, 22 ],
    "uv": [ 210, 184 ]
  },
  "inactive_button@beacon_pocket.base_button": {
    "$button_active": "#inactive",
    "button_mappings": [ ],
    "pressed_control": "",
    "controls": [
      { "default@beacon_pocket.inactive_button_image": { } },
      {
        "hover@beacon_pocket.inactive_button_image": {
          "controls": [
            { "@beacon_pocket.highlight_hover_square": { } }
          ]
        }
      }
    ]
  },
  "selected_button_image": {
    "type": "image",
    "texture": "textures/gui/newgui/beacon/beacon_selected_button_pocket",
    "nineslice_size": 1.0,
    "uv_size": [ 3, 3 ]
  },
  "selected_button@beacon_pocket.base_button": {
    "$button_active": "#selected",
    "button_mappings": [ ],
    "pressed_control": "",
    "controls": [
      { "default@beacon_pocket.selected_button_image": { } },
      {
        "hover@beacon_pocket.selected_button_image": {
          "controls": [
            { "@beacon_pocket.highlight_hover_square": { } }
          ]
        }
      }
    ]
  },

  // Secondary effect images //

  "secondary_effect_base@beacon_pocket.image_template": {
    "bindings": [
      {
        "binding_name": "#extra_image_selection",
        "binding_name_override": "#visible",
        "binding_collection_name": "$effect_name",
        "binding_type": "collection"
      }
    ]
  },
  "speed_secondary@beacon_pocket.secondary_effect_base": {
    "$effect_name": "speed",
    "$image_uv": [ 0, 184 ]
  },
  "haste_secondary@beacon_pocket.secondary_effect_base": {
    "$effect_name": "haste",
    "$image_uv": [ 36, 184 ]
  },
  "resist_secondary@beacon_pocket.secondary_effect_base": {
    "$effect_name": "resist",
    "$image_uv": [ 108, 202 ]

  },
  "jump_secondary@beacon_pocket.secondary_effect_base": {
    "$effect_name": "jump",
    "$image_uv": [ 36, 202 ]
  },
  "strength_secondary@beacon_pocket.secondary_effect_base": {
    "$effect_name": "strength",
    "$image_uv": [ 72, 184 ]
  },
  "secondary_effect_images@beacon_pocket.image_template": {
    "controls": [
      { "@beacon_pocket.speed_secondary": { } },
      { "@beacon_pocket.haste_secondary": { } },
      { "@beacon_pocket.resist_secondary": { } },
      { "@beacon_pocket.jump_secondary": { } },
      { "@beacon_pocket.strength_secondary": { } }
    ]
  },


  // Templates for button panel //

  "base_image@beacon_pocket.gui_sheet_base": {
    "anchor_to": "center",
    "anchor_from": "center",
    "$image_size|default": [ 18, 18 ],
    "size": "$image_size",
    "$image_uv_size|default": [ 18, 18 ],
    "uv_size": "$image_uv_size",
    "uv": "$image_uv",
    "layer": 5,
    "bindings": [
      {
        "binding_name": "#button_visible",
        "binding_name_override": "#visible",
        "binding_collection_name": "$button_name",
        "binding_type": "collection"
      }
    ]
  },
  "image_template": {
    "type": "panel",
    "size": [ "50%", "100%x" ],
    "anchor_from": "center",
    "anchor_to": "center",
    "layer": 6,
    "controls": [
      { "@beacon_pocket.base_image": { } }
    ]
  },
  "toggle_template": {
    "type": "panel",
    "size": [ "100%", "100%" ],
    "anchor_from": "center",
    "anchor_to": "center",
    "$image_control|default": "beacon_pocket.image_template",
    "controls": [
      { "@beacon_pocket.toggle_button": { } },
      { "@$image_control": { } }
    ]
  },
  "button_template@beacon_pocket.toggle_template": {
    "controls": [
      { "@beacon_pocket.active_button": { } },
      { "@beacon_pocket.inactive_button": { } },
      { "@beacon_pocket.image_template": { } }
    ]
  },
  "panel_template": {
    "type": "panel",
    "size": [ 24, 24 ],
    "anchor_from": "top_left",
    "anchor_to": "top_left",
    "$button_control|default": "beacon_pocket.toggle_template",
    "bindings": [
      {
        "binding_type": "collection",
        "binding_name": "#active",
        "binding_collection_name": "$button_name",
        "binding_name_override": "#enabled"
      }
    ],
    "controls": [
      { "@$button_control": { } }
    ]
  },

  // Beacon Sub Panel Labels //

  "beacon_power_label": {
    "type": "panel",
    "anchor_from": "top_middle",
    "anchor_to": "top_middle",
    "size": [ "100%", "12%" ],
    "offset": [ 0, 2 ],
    "layer": 6,
    "controls": [
      {
        "label@beacon_pocket.generic_label": {
          "anchor_from": "center",
          "anchor_to": "center",
          "text": "$text"
        }
      }
    ]
  },

  // Beacon Button Panel //

  "beacon_sub_panel": {
    "type": "panel",
    "anchor_from": "center",
    "anchor_to": "right_middle",
    "offset": [ -1, 0 ],
    "size": [ "50%-4px", "100%-6px" ]
  },
  "beacon_button_left_panel@beacon_pocket.beacon_sub_panel": {
    "controls": [
      {
        "primary_power_label@beacon_pocket.beacon_power_label": {
          "$text": "tile.beacon.primary"
        }
      },
      {
        "panel": {
          "type": "panel",
          "size": [ "100%", "88%" ],
          "offset": [ 0, "12%" ],

          "anchor_from": "top_middle",
          "anchor_to": "top_middle",
          "controls": [
            {
              "pyramids_and_buttons": {
                "type": "panel",
                "size": [ 81, 76 ],
                "anchor_from": "center",
                "anchor_to": "center",
                "controls": [
                  {
                    "level1@beacon_pocket.pyramid_panel": {
                      "$pyramid_uv": [ 144, 228 ],
                      "offset": [ 0, 0 ]
                    }
                  },
                  {
                    "speed_panel@beacon_pocket.panel_template": {
                      "offset": [ 31, 0 ],
                      "$image_uv": [ 0, 184 ],
                      "$button_name": "speed"
                    }
                  },
                  {
                    "haste_panel@beacon_pocket.panel_template": {
                      "offset": [ 57, 0 ],
                      "$image_uv": [ 36, 184 ],
                      "$button_name": "haste"
                    }
                  },
                  {
                    "level2@beacon_pocket.pyramid_panel": {
                      "$pyramid_uv": [ 163, 228 ],
                      "offset": [ 0, 26 ]
                    }
                  },
                  {
                    "resist_panel@beacon_pocket.panel_template": {
                      "offset": [ 31, 26 ],
                      "$image_uv": [ 108, 202 ],
                      "$button_name": "resist"
                    }
                  },
                  {
                    "jump_panel@beacon_pocket.panel_template": {
                      "offset": [ 57, 26 ],
                      "$image_uv": [ 36, 202 ],
                      "$button_name": "jump"
                    }
                  },
                  {
                    "level3@beacon_pocket.pyramid_panel": {
                      "$pyramid_uv": [ 182, 228 ],
                      "offset": [ 0, 52 ]
                    }
                  },
                  {
                    "strength_panel@beacon_pocket.panel_template": {
                      "offset": [ 45, 52 ],
                      "$image_uv": [ 72, 184 ],
                      "$button_name": "strength"
                    }
                  }
                ]
              }
            }
          ]
        }
      }
    ]
  },
  "beacon_button_right_panel@beacon_pocket.beacon_sub_panel": {
    "anchor_to": "left_middle",
    "offset": [ 1, 0 ],
    "controls": [
      {
        "secondary_power_label@beacon_pocket.beacon_power_label": {
          "$text": "tile.beacon.secondary"
        }
      },
      {
        "panel": {
          "type": "panel",
          "size": [ "100%", "88%" ],
          "offset": [ 0, "12%" ],
          "anchor_from": "top_middle",
          "anchor_to": "top_middle",
          "controls": [
            {
              "buttons_and_pyramid": {
                "type": "panel",
                "size": [ 66, 76 ],
                "anchor_from": "center",
                "anchor_to": "center",
                "controls": [
                  {
                    "level4@beacon_pocket.pyramid_panel": {
                      "$pyramid_uv": [ 201, 228 ],
                      "offset": [ 0, 0 ],
                      "anchor_from": "top_middle",
                      "anchor_to": "top_middle"
                    }
                  },
                  {
                    "regen_panel@beacon_pocket.panel_template": {
                      "offset": [ -1, 26 ],
                      "anchor_from": "top_middle",
                      "anchor_to": "top_right",
                      "$image_uv": [ 126, 184 ],
                      "$button_name": "regen"
                    }
                  },
                  {
                    "extra_panel@beacon_pocket.panel_template": {
                      "offset": [ 1, 26 ],
                      "anchor_from": "top_middle",
                      "anchor_to": "top_left",
                      "$button_name": "extra",
                      "$image_control": "beacon_pocket.secondary_effect_images"
                    }
                  }
                ]
              }
            }
          ]
        }
      }
    ]
  },
  "beacon_buttons_panel": {
    "type": "panel",
    "anchor_from": "top_middle",
    "anchor_to": "top_middle",
    "size": [ "100%", "50%" ],
    "min_size": [ "100%", "100px" ],

    "controls": [
      { "@beacon_pocket.beacon_background": { } },
      { "left_panel@beacon_pocket.beacon_button_left_panel": { "layer": 1 } },
      { "right_panel@beacon_pocket.beacon_button_right_panel": { "layer": 1 } }
    ]
  },

  // Beacon Payment Panel //

  "beacon_payment_panel": {
    "type": "panel",
    "size": [ "100%", "50%" ],
    "max_size": [ "100%", "85%-76px" ],
    "anchor_from": "bottom_left",
    "anchor_to": "bottom_left",
    "controls": [
      {
        "panel": {
          "type": "panel",
          "size": [ "100%", 24 ],
          "offset": [ 0, 0 ],
          "anchor_from": "center",
          "anchor_to": "center",
          "controls": [
            {
              "@beacon_pocket.usable_items_panel": {
                "offset": [ -20, 0 ],
                "anchor_from": "center",
                "anchor_to": "right_middle"
              }
            },
            {
              "ingredient_item@common.pocket_ui_container_item": {
                "offset": [ 0, 0 ],
                "size": [ 24, 24 ],
                "$cell_image_size": [ 24, 24 ],
                "$item_collection_name": "beacon_payment_items",
                "anchor_from": "center",
                "anchor_to": "center"
              }
            },
            {
              "confirm_panel@beacon_pocket.panel_template": {
                "offset": [ 36, 0 ],
                "$image_uv": [ 144, 206 ],
                "$image_uv_size": [ 14, 12 ],
                "$image_size": [ 14, 12 ],
                "$button_name": "confirm",
                "anchor_from": "center",
                "anchor_to": "center",
                "$button_control": "beacon_pocket.button_template"

              }
            },
            {
              "cancel_panel@beacon_pocket.panel_template": {
                "offset": [ 52, 0 ],
                "$image_uv": [ 158, 206 ],
                "$image_uv_size": [ 13, 13 ],
                "$image_size": [ 13, 13 ],
                "$button_name": "cancel",
                "anchor_from": "center",
                "anchor_to": "left_middle",
                "$button_control": "beacon_pocket.button_template"
              }
            }
          ]
        }
      }

    ]
  },

  // Half screens //

  "half_screen": {
    "type": "panel",
    "size": [ "50%-4px", "100%" ],
    "anchor_from": "top_left",
    "anchor_to": "top_left"
  },
  "half_screen_inventory@beacon_pocket.half_screen": {
    "size": [ "45%-4px", "100%" ],
    "max_size": [ "100%-204px", "100%" ],
    "controls": [
      { "@inventory_panel": { } }
    ]
  },
  "half_screen_beacon@beacon_pocket.half_screen": {
    "anchor_from": "top_right",
    "anchor_to": "top_right",
    "size": [ "55%-4px", "100%" ],
    "min_size": [ 196, "100%" ],
    "controls": [
      { "@beacon_buttons_panel": { } },
      { "@beacon_payment_panel": { } }
    ]
  },

  // Screen //

  "beacon_panel": {
    "type": "panel",
    "controls": [

      { "@pocket_containers.gamepad_helpers": { "layer": 3 } },
      { "@common.inventory_selected_icon_button": { } },
      { "bg@beacon_pocket.background_panel": { } },
      { "hold_icon@common.inventory_take_progress_icon_button": { "layer": 1 } },
      { "flying_item_renderer@beacon_pocket.flying_item_renderer": { "layer": 2 } },
      {
        "selected_item_details_factory": {
          "type": "factory",
          "control_name": "@pocket_containers.selected_item_details"
        }
      },
      {
        "root_panel": {
          "type": "panel",
          "size": [ "100%", "100%" ],
          "controls": [
            { "@beacon_pocket.header_panel": { "layer": 2 } },
            {
              "below_header": {
                "type": "panel",
                "layer": 1,
                "offset": [ 0, 31 ],
                "size": [ "100%-16px", "100% - 39px" ],
                "anchor_from": "top_middle",
                "anchor_to": "top_middle",
                "controls": [
                  {
                    "@beacon_pocket.half_screen_inventory": {
                      "$container_size": 36,
                      "$pane_collection": "combined_hotbar_and_inventory_items"
                    }
                  },
                  { "@beacon_pocket.half_screen_beacon": { } }
                ]
              }
            }
          ]
        }
      }
    ]
  }
}