{
  "namespace": "world_templates",

  "horizontal_padding": {
    "type": "panel",
    "size": [ 2, "100%" ]
  },

  //---------------------------------------------------------------------------
  // Images
  //---------------------------------------------------------------------------

  "world_icon": {
    "type": "image",
    "texture": "textures/gui/newgui/worldsIcon",
    "size": [ 16, 17 ]
  },

  "realms_icon": {
    "type": "image",
    "texture": "textures/gui/newgui/realmsIcon",
    "size": [ 11, 14 ]
  },

  "radio_toggle_icon_panel": {
    "type": "panel",
    "size": [ 10, "100%" ],
    "$toggle_unchecked|default": false,
    "$toggle_unchecked_hover|default": false,
    "$toggle_checked|default": false,
    "$toggle_checked_hover|default": false,
    "controls": [
      {
        "@common_toggles.radio_off_icon": {
          "ignored": "(not $toggle_unchecked)"
        }
      },
      {
        "@common_toggles.radio_off_hover_icon": {
          "ignored": "(not $toggle_unchecked_hover)"
        }
      },
      {
        "@common_toggles.radio_on_icon": {
          "ignored": "(not $toggle_checked)"
        }
      },
      {
        "@common_toggles.radio_on_hover_icon": {
          "ignored": "(not $toggle_checked_hover)"
        }
      }
    ]
  },

  "label_background": {
    "type": "image",
    "texture": "textures/gui/achievements/mainbanners",
    "uv": [ 0, 0 ],
    "nineslice_size": 1.0,
    "uv_size": [ 3, 3 ]
  },


  //---------------------------------------------------------------------------
  // TOGGLES
  //---------------------------------------------------------------------------

  "new_world_radio_toggle@common_toggles.dark_image_toggle": {
    "size": [ "100% + 1px", "100%" ],
    "$toggle_name": "world_toggle",
    "$button_content": "world_templates.world_button_content",
    "$world_icon": "world_templates.world_icon",
    "$button_label": "selectTemplate.world",
    "$radio_toggle_group": true,
    "$toggle_group_forced_index": 0,
    "$toggle_group_default_selected": "$default_tab"
  },

  "new_realm_radio_toggle@common_toggles.dark_image_toggle": {
    "size": [ "100% + 1px", "100%" ],
    "$toggle_name": "world_toggle",
    "$button_content": "world_templates.world_button_content",
    "$world_icon": "world_templates.realms_icon",
    "$button_label": "selectTemplate.realm",
    "$radio_toggle_group": true,
    "$toggle_group_forced_index": 1,
    "$toggle_group_default_selected": "$default_tab"
  },

  "world_button_content": {
    "type": "stack_panel",
    "size": [ "100% - 8px", "100% - 4px" ],
    "orientation": "horizontal",
    "controls": [
      { "@world_templates.horizontal_padding": { } },
      { "@world_templates.radio_toggle_icon_panel": { } },
      { "@world_templates.horizontal_padding": { } },
      {
        "world_button_label_panel": {
          "type": "panel",
          "size": [ "fill", "100%" ],
          "controls": [
            { "@world_templates.world_button_label": { } }
          ]
        }
      },
      { "@world_templates.horizontal_padding": { } },
      {
        "icon_panel": {
          "type": "panel",
          "size": [ "100%c", "100%" ],
          "controls": [
            { "@$world_icon": { } }
          ]
        }
      },
      { "@world_templates.horizontal_padding": { } }
    ]
  },

  "world_button_label": {
    "type": "label",
    "size": [ "default", 10 ],
    "max_size": [ "100%", 10 ],
    "text": "$button_label",
    "layer": 1
  },

  //---------------------------------------------------------------------------
  // BUTTONS
  //---------------------------------------------------------------------------

  "common_button_template@common_buttons.light_glyph_button": { },

  "generate_random@common_buttons.light_text_button": {
    "size": [ "100%", 30 ],
    "$pressed_button_name": "button.generate_random",
    "anchor_from": "top_left",
    "anchor_to": "top_left",
    "$button_text": "#generate_random_button_text",
    "$button_text_binding_type": "global"
  },

  "help_button@common_buttons.dark_text_button": {
    "$pressed_button_name": "button.help",
    "$button_text": "selectTemplate.help"
  },

  "label_content_template": {
    "type": "stack_panel",
    "orientation": "vertical",
    "size": [ "100%", "100%c" ],
    "controls": [
      {
        "label_panel": {
          "type": "panel",
          "size": [ "100%", 10 ],
          "anchor_from": "top_left",
          "anchor_to": "top_left",
          "layer": 1,
          "controls": [
            {
              "label_panel_layout": {
                "type": "panel",
                "anchor_from": "top_left",
                "anchor_to": "top_left",
                "size": [ "100%-4px", 10 ],
                "offset": [ 1, 0 ],
                "controls": [
                  {
                    "label": {
                      "type": "label",
                      "size": [ "100%", 10 ],
                      "anchor_from": "top_left",
                      "anchor_to": "top_left",
                      "layer": 1,
                      "shadow": false,
                      "text": "$label_content_label"
                    }
                  }
                ]
              }
            }
          ]
        }
      },
      {
        "padding": {
          "type": "panel",
          "size": [ "100%", 1 ]
        }
      },
      {
        "content@$label_content_content": {
          "layer": 1
        }
      }
    ]
  },

  "generate_random_panel@world_templates.label_content_template": {
    "$label_content_label": "selectTemplate.templateStart",
    "$label_content_content": "world_templates.generate_random"
  },

  "realms_templates_info@world_templates.label_background": {
    "size": [ "100%", 30 ],
    "controls": [
      {
        "info_label": {
          "type": "label",
          "max_size": [ "100%", 20 ],
          "text": "selectTemplate.realmInfo",
          "layer": 1
        }
      }
    ],
    "bindings": [
      {
        "binding_name": "#realms_info_visible",
        "binding_name_override": "#visible"
      }
    ]
  },

  //---------------------------------------------------------------------------
  // LOCK ICONS
  //---------------------------------------------------------------------------

  "icon_lock": {
    "type": "image",
    "texture": "textures/gui/newgui/lock",
    "size": [ 8, 8 ]
  },

  "lock_panel": {
    "layer": 5,
    "type": "panel",
    "size": [ 10, 10 ],
    "controls": [
      {
        "@world_templates.icon_lock": {
          "layer": 1,
          "anchor_from": "top_left",
          "anchor_to": "top_left"
        }
      }
    ],
    "bindings": [
      {
        "binding_name": "#is_premium_locked",
        "binding_name_override": "#visible",
        "binding_collection_name": "$collection_name",
        "binding_type": "collection"
      }
    ]
  },

  "icon_unlock": {
    "type": "image",
    "texture": "textures/gui/newgui/unLock",
    "size": [ 10, 8 ]
  },

  "unlock_panel": {
    "layer": 4,
    "type": "panel",
    "size": [ 10, 10 ],
    "controls": [
      {
        "@world_templates.icon_unlock": {
          "layer": 1,
          "anchor_from": "top_left",
          "anchor_to": "top_left"
        }
      }
    ],
    "bindings": [
      {
        "binding_name": "#is_premium_unlocked",
        "binding_name_override": "#visible",
        "binding_collection_name": "$collection_name",
        "binding_type": "collection"
      }
    ]
  },

  //---------------------------------------------------------------------------
  // LOCAL WORLD GRID
  //---------------------------------------------------------------------------

  "world_list_text": {
    "type": "label",
    "color": "$dark_text_color",
    "shadow": false
  },

  "world_template_screenshot": {
    "type": "image",
    "size": [ "100%c + 2px", "100%" ],
    "texture": "$border_texture",
    "uv": [ 0, 0 ],
    "uv_size": [ 5, 5 ],
    "nineslice_size": 1.0,
    "anchor_from": "left_middle",
    "anchor_to": "left_middle",
    "layer": 1,
    "controls": [
      {
        "picture": {
          "type": "image",
          "layer": 1,
          "texture": "#screenshot_texture",
          "zip_folder": "#screenshot_zip_folder",
          "texture_file_system": "#screenshot_file_system",
          "uv": [ 0, 0 ],
          "uv_size": [ 160, 92 ],
          "size": [ "173.91%y", "100% - 2px" ],
          "bindings": [
            {
              "binding_collection_name": "$collection_name",
              "binding_name": "#screenshot_texture",
              "binding_name_override": "#texture",
              "binding_type": "collection"
            },
            {
              "binding_collection_name": "$collection_name",
              "binding_name": "#screenshot_zip_folder",
              "binding_name_override": "#zip_folder",
              "binding_type": "collection"
            },
            {
              "binding_collection_name": "$collection_name",
              "binding_name": "#screenshot_file_system",
              "binding_name_override": "#texture_file_system",
              "binding_type": "collection"
            }
          ]
        }
      }
    ]
  },

  "world_template_name@world_templates.world_list_text": {
    "text": "#world_template_name",
    "color": "$bright_text_color",
    "bindings": [
      {
        "binding_name": "#world_template_name",
        "binding_type": "collection",
        "binding_collection_name": "$collection_name",
        "binding_condition": "visible"
      }
    ]
  },

  "world_template_description@world_templates.world_list_text": {
    "text": "#world_template_description",
    "bindings": [
      {
        "binding_name": "#world_template_description",
        "binding_type": "collection",
        "binding_collection_name": "$collection_name",
        "binding_condition": "visible"
      }
    ]
  },

  "world_template_lock": {
    "type": "panel",
    "size": [ 10, 10 ],
    "controls": [
      {
        "@world_templates.lock_panel": {

        }
      },
      {
        "@world_templates.unlock_panel": {

        }
      }
    ]
  },

  "world_template_filesize@world_templates.world_list_text": {
    "text": "#world_template_version",
    "bindings": [
      {
        "binding_name": "#world_template_version",
        "binding_type": "collection",
        "binding_collection_name": "$collection_name",
        "binding_condition": "visible"
      }
    ]
  },

  "world_template_text_panel": {
    "type": "panel",
    "controls": [
      {
        "text_indent": {
          "type": "panel",
          "size": [ "100% - 4px", "100% - 4px" ],
          "offset": [ 1, 0 ],
          "controls": [
            {
              "top_side": {
                "type": "stack_panel",
                "orientation": "horizontal",
                "size": [ "100%", "50%" ],
                "anchor_from": "top_left",
                "anchor_to": "top_left",
                "controls": [
                  {
                    "@world_templates.world_template_name": {
                      "size": [ "fill", 10 ],
                      "layer": 1
                    }
                  },
                  {
                    "@world_templates.world_template_lock": {
                      "layer": 1
                    }
                  }
                ]
              }
            },
            {
              "bottom_side": {
                "anchor_from": "bottom_left",
                "anchor_to": "bottom_left",
                "type": "stack_panel",
                "orientation": "horizontal",
                "size": [ "100%", "50%" ],
                "controls": [
                  {
                    "@world_templates.world_template_description": {
                      "size": [ "fill", 10 ],
                      "layer": 1
                    }
                  },
                  {
                    "@world_templates.world_template_filesize": {
                      "size": [ "default", 10 ],
                      "layer": 1
                    }
                  }
                ]
              }
            }
          ]
        }
      }
    ]
  },

  "world_template_content_panel": {
    "type": "stack_panel",
    "orientation": "horizontal",
    "size": [ "100%", "100%" ],
    "variables": [
      {
        "requires": "$default_state",
        "$border_texture": "textures/gui/newgui/play_screen/Indent2"
      },
      {
        "requires": "$hover_state",
        "$border_texture": "textures/gui/newgui/focusBorder"
      },
      {
        "requires": "$pressed_state",
        "$border_texture": "textures/gui/newgui/focusBorder"
      },
      {
        "requires": "$locked_state",
        "$border_texture": "textures/gui/newgui/play_screen/Indent2"
      }
    ],
    "controls": [
      {
        "@world_templates.world_template_screenshot": { }
      },
      {
        "@world_templates.world_template_text_panel": {
          "size": [ "fill", "100%" ]
        }
      }
    ]
  },

  "world_template_item_button@common_buttons.dark_content_button": {
    "$button_content": "world_templates.world_template_content_panel",
    "$bright_text_color": [ 1.0, 1.0, 1.0 ],
    "$dark_text_color": [ 0.6, 0.6, 0.6 ],
    "bindings": [
      {
        "binding_type": "collection_details",
        "binding_collection_name": "$collection_name"
      }
    ]
  },

  "world_template_item": {
    "type": "stack_panel",
    "anchor_from": "top_left",
    "anchor_to": "top_left",
    "layer": 1,
    "size": [ "100%", 30 ],
    "orientation": "horizontal",
    "$world_template_edit_button_visible|default": true,
    "controls": [
      {
        "@world_templates.world_template_item_button": {
          "size": [ "fill", "100% + 1px" ],
          "anchor_from": "top_left",
          "anchor_to": "top_left",
          "layer": 1
        }
      }
    ]
  },

  "world_template_item_grid": {
    "type": "grid",
    "size": [ "100%", "default" ],
    "layer": 1,
    "anchor_to": "top_left",
    "anchor_from": "top_left",
    "grid_item_template": "world_templates.world_template_item",
    "grid_dimension_binding": "#world_template_item_grid_dimension",
    "collection_name": "world_templates",
    "$collection_name": "world_templates",
    "$pressed_button_name": "button.menu_world_template_clicked",
    "$bright_text_color": [ 1.0, 1.0, 1.0 ],
    "$dark_text_color": [ 0.6, 0.6, 0.6 ],
    "bindings": [
      {
        "binding_name": "#world_template_item_grid_dimension"
      },
      {
        "binding_name": "#templates_visible",
        "binding_name_override": "#visible",
        "binding_type": "global"
      }
    ]
  },

  //---------------------------------------------------------------------------
  // INVALID WORLD GRID
  //---------------------------------------------------------------------------

  "invalid_world_template_item_grid": {
    "type": "grid",
    "size": [ "100%", "default" ],
    "layer": 1,
    "anchor_to": "top_left",
    "anchor_from": "top_left",
    "grid_item_template": "world_templates.world_template_item",
    "grid_dimension_binding": "#invalid_world_template_item_grid_dimension",
    "collection_name": "invalid_world_templates",
    "$collection_name": "invalid_world_templates",
    "$pressed_button_name": "button.menu_invalid_world_template_clicked",
    "$bright_text_color": [ 1.0, 0.1, 0.1 ],
    "$dark_text_color": [ 0.6, 0.1, 0.1 ],
    "bindings": [
      {
        "binding_name": "#invalid_world_template_item_grid_dimension"
      },
      {
        "binding_name": "#templates_visible",
        "binding_name_override": "#visible",
        "binding_type": "global"
      }
    ]
  },

  //---------------------------------------------------------------------------
  // INVALID WORLD GRID
  //---------------------------------------------------------------------------

  "loading_world_template_item_grid": {
    "type": "grid",
    "size": [ "100%", "default" ],
    "layer": 1,
    "anchor_to": "top_left",
    "anchor_from": "top_left",
    "grid_item_template": "world_templates.world_template_item",
    "grid_dimension_binding": "#loading_world_template_item_grid_dimension",
    "collection_name": "loading_world_templates",
    "$collection_name": "loading_world_templates",
    "$pressed_button_name": "button.menu_loading_world_template_clicked",
    "$bright_text_color": [ 0.1, 1.0, 0.1 ],
    "$dark_text_color": [ 0.1, 0.6, 0.1 ],
    "bindings": [
      {
        "binding_name": "#loading_world_template_item_grid_dimension"
      },
      {
        "binding_name": "#templates_visible",
        "binding_name_override": "#visible",
        "binding_type": "global"
      }
    ]
  },

  //---------------------------------------------------------------------------
  // SCROLL
  //---------------------------------------------------------------------------

  "common_scrolling_panel@common.scrolling_panel": {
    "layer": 1,
    "$scrolling_pane_size": [ "100% - 1px", "100%" ],
    "$scrolling_content": "$scrolling_content",
    "$scroll_size": [ 5, "100% - 4px" ],
    "$show_background": false,
    "anchor_from": "top_right",
    "anchor_to": "top_right"
  },

  "common_content": {
    "type": "input_panel",
    "anchor_from": "top_left",
    "anchor_to": "top_left"
  },

  "scrolling_offsets@world_templates.common_scrolling_panel": {
    "size": [ "100%-4px", "100% - 4px" ],
    "offset": [ 2, 2 ],
    "anchor_from": "top_left",
    "anchor_to": "top_left"
  },

  "template_scroll_content@world_templates.common_content": {
    "controls": [
      {
        "scrolling_panel@world_templates.scrolling_offsets": {
          "layer": 1,
          "$scrolling_content": "world_templates.template_scroll_panel"
        }
      }
    ]
  },

  "common_scroll_pane": {
    "type": "panel",
    "anchor_from": "top_left",
    "anchor_to": "top_left",
    "size": [ "100%-4px", "100%c" ],
    "offset": [ 2, 0 ]
  },

  "template_scroll_panel@world_templates.common_scroll_pane": {
    "anchor_from": "top_left",
    "anchor_to": "top_left",
    "controls": [
      {
        "@world_templates.world_template_screen_content_stack_panel": {
          "anchor_from": "top_left",
          "anchor_to": "top_left"
        }
      }
    ]
  },

  //---------------------------------------------------------------------------
  // SCREEN CONTENT
  //---------------------------------------------------------------------------

  "header_panel": {
    "type": "stack_panel",
    "size": [ "100%", 30 ],
    "orientation": "horizontal",
    "ignored": "$hide_top_bar",
    "controls": [
      {
        "new_world_panel": {
          "type": "panel",
          "size": [ "50% - 50%y", "100%" ],
          "controls": [
            { "@world_templates.new_world_radio_toggle": { } }
          ]
        }
      },
      {
        "new_realm_panel": {
          "type": "panel",
          "size": [ "50% - 50%y", "100%" ],
          "controls": [
            { "@world_templates.new_realm_radio_toggle": { } }
          ]
        }
      },
      {
        "@world_templates.help_button": {
          "size": [ "100%y", "100%" ]
        }
      }
    ]
  },

  "world_template_screen_content_stack_panel": {
    "type": "stack_panel",
    "orientation": "vertical",
    "size": [ "100%", "100%c" ],
    "controls": [
      {
        "padding": {
          "type": "panel",
          "size": [ "100%", 2 ]
        }
      },
      { "@world_templates.header_panel": { } },
      {
        "padding": {
          "type": "panel",
          "size": [ "100%", 4 ],
          "ignored": "$hide_top_bar"
        }
      },
      {
        "@world_templates.generate_random_panel": {
          "anchor_from": "top_left",
          "anchor_to": "top_left"
        }
      },
      {
        "@world_templates.world_template_item_grid": {
          "anchor_from": "top_left",
          "anchor_to": "top_left"
        }
      },
      {
        "@world_templates.loading_world_template_item_grid": {
          "anchor_from": "top_left",
          "anchor_to": "top_left"
        }
      },
      {
        "@world_templates.invalid_world_template_item_grid": {
          "anchor_from": "top_left",
          "anchor_to": "top_left"
        }
      },
      {
        "padding": {
          "type": "panel",
          "size": [ "100%", 2 ],
          "bindings": [
            {
              "binding_name": "#realms_info_visible",
              "binding_name_override": "#visible"
            }
          ]
        }
      },
      {
        "@world_templates.realms_templates_info": {
          "anchor_from": "top_left",
          "anchor_to": "top_left"
        }
      }
    ]
  },

  //--------------------------------------------------------------------------------
  // Screen
  //--------------------------------------------------------------------------------

  "world_templates_screen@common.base_screen": {
    "button_mappings": [
      {
        "from_button_id": "button.menu_cancel",
        "to_button_id": "button.menu_exit",
        "mapping_type": "global"
      },
      {
        "from_button_id": "button.menu_up",
        "to_button_id": "button.menu_up",
        "mapping_type": "global",
        "scope": "view"
      },
      {
        "from_button_id": "button.menu_down",
        "to_button_id": "button.menu_down",
        "mapping_type": "global",
        "scope": "view"
      },
      {
        "from_button_id": "button.menu_left",
        "to_button_id": "button.menu_left",
        "mapping_type": "global",
        "scope": "view"
      },
      {
        "from_button_id": "button.menu_right",
        "to_button_id": "button.menu_right",
        "mapping_type": "global",
        "scope": "view"
      }
    ],
    "$default_text_color": [ 0.3, 0.3, 0.3 ],
    "$screen_content": "world_templates.world_templates_picker_content"
  },

  "world_templates_picker_content": {
    "type": "panel",
    "size": "$narrow_screen_size",
    "controls": [
      {
        "background@common_dialogs.main_panel_no_buttons": {
          "$text_name": "selectTemplate.create",
          "$child_control": "world_templates.template_scroll_content",
          "$show_close_button": true
        }
      }
    ]
  }
}