{
  "namespace": "pause",

  "pause_button_template@common.legacy_button": {
    "size": [ "100% - 2px", "100% - 12px" ]
  },

  "grid_button_template@common.legacy_button": {
    "size": [ "100% - 2px", "100% - 12px" ]
  },

  "new_offers_icon": {
    "type": "image",
    "texture": "textures/gui/newgui/newOffersIcon",
    "layer": 11,
    "anchor_from": "top_right",
    "anchor_to": "top_right",
    "uv": [ 0, 0 ],
    "uv_size": [ 21, 15 ],
    "size": [ 21, 15 ],
    "offset": [ 29, -14 ]
  },

  "return_to_game_button@pause_button_template": {
    "$pressed_button_name": "button.menu_continue",
    "$button_label_text": "pauseScreen.back",
    "anchor_to": "top_middle",
    "anchor_from": "top_middle"                  
  },

  "settings_button@pause_button_template": {
    "$pressed_button_name": "button.menu_settings",
    "$button_label_text": "menu.options",
    "anchor_to": "top_middle",
    "anchor_from": "top_middle"
  },

  "achievements_button_locked@common.legacy_button": {
    "size": [ "100% - 2px", "100% - 12px" ],
    "$button_label_text": "menu.achievements",
    "anchor_to": "top_middle",
    "anchor_from": "top_middle",
    "layer": 1,
    "controls": [
      { "locked@common.legacy_button_state_locked": {
          "$text_color": [ 0.87, 0.87, 0.87, 1 ] 
	    } 
	  },
      { "hover@common.legacy_button_state_locked": {
          "$text_color": [ 1, 1, 0.62, 1 ]
        }
      }
    ]
  },

  "achievements_button@pause_button_template": {    
    "$pressed_button_name": "button.menu_achievements",
    "$button_label_text": "menu.achievements",
    "anchor_to": "top_middle",
    "anchor_from": "top_middle",
    "ignored": "$achievements_ignored",
    "layer": 2,
    "bindings": [
      {
        "binding_name": "#achievements_visible",
        "binding_name_override": "#visible",
        "binding_type": "global"
      }
    ]
  },

  "feedback_button@settings_common.legacy_link_button": {
    "$button_label_text": "pauseScreen.betaFeedback",
    "size": [ "100% - 2px", "100% - 12px" ],
    "anchor_to": "top_middle",
    "anchor_from": "top_middle",
    "property_bag": {
      "#hyperlink": "https://twitter.com/PcGuiDevs"
    }
  },

  "invite_players_button_locked@common.legacy_button": {
    "$button_label_text": "pauseScreen.invite",
    "size": [ "100% - 2px", "100% - 12px" ],
    "anchor_to": "top_middle",
    "anchor_from": "top_middle",
    "ignored": "invite_players_button",
    "layer": 1,
    "controls": [
      { "locked@common.legacy_button_state_locked": {
          "$text_color": [ 0.87, 0.87, 0.87, 1 ] 
	    } 
	  },
      { "hover@common.legacy_button_state_locked": {
          "$text_color": [ 1, 1, 0.62, 1 ]
        }
      }
    ]
  },
  
  "invite_players_button@grid_button_template": {
    "$pressed_button_name": "button.menu_invite_players",
    "$button_label_text": "pauseScreen.invite",
    "anchor_to": "top_middle",
    "anchor_from": "top_middle",
    "layer": 2,
    "bindings": [
      {
        "binding_name": "#invite_button_visible",
        "binding_name_override": "#visible",
        "binding_type": "global"
      }
    ]
  },
  
  "quit_button@pause_button_template": {
    "$pressed_button_name": "button.menu_quit",
    "$button_label_text": "menu.returnToMenu",    
    "anchor_to": "top_middle",
    "anchor_from": "top_middle"
  },


  "pause_screen@common.base_screen": {
    "button_mappings": [
      {
        "from_button_id": "button.menu_cancel",
        "to_button_id": "button.menu_continue",
        "mapping_type": "global"
      },
      {
        "from_button_id": "button.menu_exit",
        "to_button_id": "button.menu_continue",
        "mapping_type": "global"
      },
      {
        "from_button_id": "button.menu_up",
        "to_button_id": "button.menu_up",
        "mapping_type": "global",
        "scope": "view"
      },
      {
        "from_button_id": "button.menu_down",
        "to_button_id": "button.menu_down",
        "mapping_type": "global",
        "scope": "view"
      },
      {
        "from_button_id": "button.menu_left",
        "to_button_id": "button.menu_left",
        "mapping_type": "global",
        "scope": "view"
      },
      {
        "from_button_id": "button.menu_right",
        "to_button_id": "button.menu_right",
        "mapping_type": "global",
        "scope": "view"
      },
      {
        "from_button_id": "button.menu_vr_realign",
        "to_button_id": "button.menu_vr_realign",
        "mapping_type": "global",
        "scope": "controller"
      }
    ],

    "$screen_content": "pause.pause_screen_content"
  },

  "pause_screen_content": {
    "type": "panel",
    "size": [ "100%", "100%" ],
    "anchor_from": "center",
    "anchor_to": "center",
    "layer": 1,
    "controls": [
      { "@pause_screen_main_panels": { } },
      { "@common.screen_background": { } },
      { "@gamepad_helpers": { } },
      { "@keyboard_helpers": { } }
    ]
  },


  "pause_screen_main_panels": {
    "type": "stack_panel",
    "orientation": "horizontal",
    "size": [ "100%", "100%" ],
    "$achievements_ignored|default": false,    
    "controls": [         
      { "menu@pause_screen_menu": { } },  
      { "players@player_panel": { } }
    ]
  },

  "pause_screen_menu": {
    "type": "stack_panel",
    "size": [ "fill", "100%" ],    
    "anchor_from": "center",
    "anchor_to": "center",
    "$panel_space|default": [ "100%", "33.33% - 6%x - 43.34px" ], // 3 buttons
    "variables": [
      {
        // 4 buttons
        "requires": "(not $achievements_ignored)",
        "$panel_space": [ "100%", "33.33% - 6%x - 43.34px" ]
      }
    ],
    "controls": [
      {
        "top_indent": {
          "type": "panel",
          "size": "$panel_space",
          "controls": [
            {
              "trialTime": {
                "type": "custom",
                "ignored": "(not $trial)",
                "renderer": "trial_time_renderer",
                "size": [ "default", 10 ],
                "offset": [ -2, -4 ],
                "layer": 3,
                "anchor_from": "top_right",
                "anchor_to": "top_right",                
                "bindings": [
                  {
                    "binding_name": "#is_trial_version",
                    "binding_name_override": "#visible",
                    "binding_type": "global"
                  }
                ]
              }
            }
          ]
        }
      },
      { "@menu_the_rest_panel": { } }
    ]
  },

  "transparent_background": {
    "type": "image",
    "nineslice_size": 1.0,
    "texture": "textures/gui/newgui/dialog-background-atlas",
    "layer": 1,
    "uv": [ 3, 101 ],
    "uv_size": [ 2, 2 ],
    "alpha": 0.7
  },

  "menu_the_rest_panel": {
    "type": "input_panel",
    "size": [ "100%", "fill" ],

    "controls": [
      { "@menu_button_control": { } }
    ]
  },

  "menu_button_control@focus_border": {
    "size": [ "50% + 10px", "100%c + 2px" ],  
    "min_size": [ 132, "100%c + 2px" ],
    "max_size": [ 150, "100%c + 2px" ], 
    "color": [ 0, 0, 0 ],
    "anchor_from": "center",
    "anchor_to": "center",
    "controls": [
      { "@menu_background": { } }
    ]
  },
  
  "stacked_row": {
    "type": "panel",
    "size": [ "90%", 32 ]
  },
  "menu_background@transparent_background": {
    "size": [ "100%", "100%c + 8px" ],  
    "offset": [ 0, "-7%" ],  
    "anchor_from": "center",
    "anchor_to": "center",
    "controls": [
      {
        "stacked_rows": {
          "type": "stack_panel",
          "size": [ "150%", "100%c" ],
          "anchor_from": "top_middle",
          "anchor_to": "top_middle",
          "controls": [
            {
              "@stacked_row": {
				"controls": [
                  {
                    "game_menu_text": {
                      "type": "label",
                      "anchor_from": "top_middle",
                      "anchor_to": "top_middle",
                      "text": "pauseScreen.title",
                      "shadow": true,
                      "font_size": "medium"
                    }
			      }
                ]
              }
            },
			{
              "spacer": {
                "type": "panel",
                "size": [ 0, 3 ]
              }
            },
            {
              "@stacked_row": {
				"controls": [
                  { "@return_to_game_button": { } }
                ]
              }
            },
			{
              "spacer": {
                "type": "panel",
                "size": [ 0, -7 ]
              }
            },
            {
              "@stacked_row": {
				"controls": [
                  {
                    "stacked_columns": {
                      "type": "stack_panel",
                      "size": [ "100%", "100%" ],
                      "orientation": "horizontal",
                      "controls": [
                        {
                          "stacked_col": {
                            "type": "panel",
                            "size": [ "fill", "100%" ],
                            "controls": [
                              { "@achievements_button": { } }
                            ]
                          }
                        },
						{
                          "spacer": {
                            "type": "panel",
                            "size": [ 2, 0 ]
                          }
                        },
                        {
                          "stacked_col": {
                            "type": "panel",
                            "size": [ "50%", "100%" ],
                            "controls": [
                              { "@feedback_button": { } }
                            ]
                          }
                        }
                      ]
                    }
                  }
                ]
              }
            },
			{
              "spacer": {
                "type": "panel",
                "size": [ 0, 17 ]
              }
            },
            {
              "@stacked_row": {
				"controls": [
                  {
                    "stacked_columns": {
                      "type": "stack_panel",
                      "size": [ "100%", "100%" ],
                      "orientation": "horizontal",
                      "controls": [
                        {
                          "stacked_col": {
                            "type": "panel",
                            "size": [ "fill", "100%" ],
                            "controls": [
                              { "@settings_button": { } }
                            ]
                          }
                        },
						{
                          "spacer": {
                            "type": "panel",
                            "size": [ 2, 0 ]
                          }
                        },
                        {
                          "stacked_col": {
                            "type": "panel",
                            "size": [ "50%", "100%" ],
                            "controls": [
                              { "@invite_players_button": { } },
                              { 
							    "@invite_players_button_locked": { } }
                            ]
                          }
                        }
                      ]
                    }
                  }
                ]
              }
            },
			{
              "spacer": {
                "type": "panel",
                "size": [ 0, -7 ]
              }
            },
            {
              "@stacked_row": {
				"controls": [
                  { "@quit_button": { } }
                ]
              }
            }
          ]
        }
      }
    ]
  },

  "player_list_scrolling_panel@common.scrolling_panel": {
    "size": [ "100%", "100%" ],
    "offset": [ 2, 0 ],
    "anchor_from": "top_right",
    "anchor_to": "top_right",
    "$show_background": false,
    "$scroll_track_size": [ 5, "100% - 4px" ],
    "$scroll_track_offset|default": [ -4, 2 ],
    "$scrolling_content": "pause.player_list"
  },

  
  "player_panel@focus_border": {
    "size": [ 152, "100%" ],
    "color": [ 0, 0, 0 ],
    "anchor_from": "right_middle",
    "anchor_to": "right_middle",
    "visible": "(not $trial)",
    "controls": [
      { "@player_panel_background": { } }
    ],
    "bindings": [
      {
        "binding_name": "#is_full_version",
        "binding_name_override": "#visible",
        "binding_type": "global"
      }
    ]
  },

  "player_panel_background@transparent_background": {
    "anchor_from": "center",
    "anchor_to": "center",
    "size": [ "100% - 2px", "100% - 2px" ],    
    "controls": [
      { "@player_list_scrolling_panel": { } }
    ]
  },

  "player_list": {
    "type": "stack_panel",
    "anchor_from": "top_left",
    "anchor_to": "top_left",
    "size": [ "100% - 2px", "100%c" ],
    "offset": [ 0, 0 ],
    "controls": [
      {
        "@vertical_padding": {
          "size": [ 0, 4 ]
        }
      },
      {
        "@ip_label": {
          "ignored": "(not $education_edition)"
        }
      },
      { "@players_label": { } },
      {
        "@vertical_padding": {
          "size": [ 0, 3 ]
        }
      },
      { "@players_grid_panel": { } },

      { "@invite_players_button_panel": { } },
      {
        "@vertical_padding": {
          "size": [ 0, 1 ]
        }
      }
    ]
  },

  "invite_players_button_panel": {
    "type": "panel",
    "size": [ "100%", "100%c" ],    
    "controls": [
      {
        "@invite_players_button": {
          "offset": [ 0, 0 ]
        }
      }
    ]
  },

  "ip_label": {
    "type": "label",
    "text": "#ip",
    "size": [ "100%", 10 ],
    "color": [ 1, 1, 1 ],
    "layer": 1,
    "bindings": [
      {
        "binding_name": "#ip_address_text",
        "binding_name_override": "#ip"
      }
    ]
  },

  "players_label": {
    "type": "label",
    "text": "pauseScreen.currentWorld",
    "size": [ "100%", 8 ],
    "color": [ 1, 1, 1 ],
    "layer": 1
  },

  "players_grid_panel": {
    "type": "panel",
    "size": [ "100%", "100%c" ],
    "controls": [
      { "@players_grid": { } }
    ]
  },

  "players_grid": {
    "type": "grid",
    "size": [ "100%", "default" ],
    "grid_item_template": "pause.player_grid_item",
    "grid_dimension_binding": "#players_grid_dimension",
    "collection_name": "players_collection",
    "anchor_to": "top_left",
    "anchor_from": "top_left",
    "bindings": [
      {
        "binding_name": "#players_grid_dimension"
      }
    ]
  },

  "player_grid_item": {
    "type": "panel",
    "size": [ "100%", 27 ],
    "controls": [
      { "@player_button": { } },
      { "@player_banner": { } }
    ]
  },

  "vertical_padding": {
    "type": "panel",
    "size": [ 0, 2 ]
  },

  "horizontal_padding": {
    "type": "panel",
    "size": [ 2, 0 ]
  },

  "player_button_content": {
    "type": "panel",
    "anchor_from": "left_middle",
    "anchor_to": "left_middle",
    "size": [ "100% - 4px", "100% - 4px" ],
    "offset": [ 4, 0 ],
    "layer": 3,
    "controls": [
      { "@player_pic_panel": { } },
      { "@player_gamertag": { } }
    ]
  },

  "player_button@common_buttons.dark_content_button": {
    "size": [ "100% - 3px", "100% + 1px" ],
    "offset": [ 0, -1 ],
    "anchor_from": "top_left",
    "anchor_to": "top_left",
    "$button_content": "pause.player_button_content",
    "button_mappings": [
      {
        "from_button_id": "button.menu_select",
        "to_button_id": "button.player_profile_card",
        "mapping_type": "pressed"
      },
      {
        "from_button_id": "button.menu_ok",
        "to_button_id": "button.player_profile_card",
        "mapping_type": "focused"
      }
    ],
    "bindings": [
      {
        "binding_name": "#button_enabled",
        "binding_type": "collection",
        "binding_collection_name": "players_collection",
        "binding_name_override": "#visible"
      },
      {
        "binding_type": "collection_details",
        "binding_collection_name": "players_collection"
      }
    ]
  },

  "player_banner@player_grid_banner": {
    "size": [ "100% - 3px", "100% + 1px" ],
    "offset": [ 0, -1 ],
    "anchor_from": "top_left",
    "anchor_to": "top_left",
    "layer": 1,
    "bindings": [
      {
        "binding_name": "#button_disabled",
        "binding_type": "collection",
        "binding_collection_name": "players_collection",
        "binding_name_override": "#visible"       
      }
    ]
  },

  "player_pic_panel": {
    "type": "panel",
    "size": [ 20, 20 ],
    "offset": [ 1, 0 ],
    "anchor_to": "left_middle",
    "anchor_from": "left_middle",
    "controls": [
      { "@player_gamer_pic": { } },
      { "@player_local_icon": { } }
    ]
  },

  "player_local_icon": {
    "type": "image",
    "texture": "textures/gui/newgui/Local",
    "uv": [ 1, 1 ],
    "uv_size": [ 13, 13 ],
    "size": [ 13, 13 ],
    "layer": 1,
    "bindings": [
      {
        "binding_name": "#local_icon_visible",
        "binding_type": "collection",
        "binding_collection_name": "players_collection",
        "binding_name_override": "#visible"
      }
    ]
  },

  "player_gamer_pic": {
    "type": "image",
    "texture": "#texture",
    "uv": [ 0, 0 ],
    "uv_size": [ 64, 64 ],
    "size": [ 18, 18 ],    
    "layer": 1,
    "texture_file_system": "#texture_source",    
    "bindings": [
      {
        "binding_name": "#texture",
        "binding_type": "collection",
        "binding_collection_name": "players_collection"
      },
      {
        "binding_name": "#texture_source",
        "binding_name_override": "#texture_file_system",
        "binding_type": "collection",
        "binding_collection_name": "players_collection"
      },      
      {
        "binding_name": "#gamerpic_visible",
        "binding_type": "collection",
        "binding_collection_name": "players_collection",
        "binding_name_override": "#visible"    
      }
    ],
    "controls": [
      {
        "player_panel_black_border@focus_border": {
          "size": [ "100% + 2px", "100% + 2px" ],
          "color": [ 0, 0, 0 ],
          "anchor_from": "center",
          "anchor_to": "center"
        }
      }
    ]    
  },

  "player_gamertag": {
    "type": "label",
    "text": "#gamertag",
    "anchor_from": "left_middle",
    "anchor_to": "left_middle",
    "size": [ "default", 8 ],
    "offset": [ 24, 0 ],
    "layer": 2,
    "bindings": [
      {
        "binding_name": "#gamertag",
        "binding_type": "collection",
        "binding_collection_name": "players_collection"
      }
    ]
  },

  "player_grid_banner_no_focus": {
    "type": "image",
    "texture": "textures/gui/newgui/MainBannersHover",
    "uv": [ 0, 0 ],
    "nineslice_size": 1.0,
    "uv_size": [ 3, 3 ]
  },

  "player_grid_banner": {
    "type": "panel",
    "controls": [
      {
        "@player_grid_banner_no_focus": {
          "controls": [
            { "@player_button_content": { } }
          ]
        }
      },
      {
        "@focus_border_button": {
          "layer": 5
        }
      }
    ]
  },

  "focus_border_button@common.button": {
    "size": [ "100%", "100%" ],
    "sound_volume": 0.0,
    "$pressed_button_name": "button.pause_focus_filler",
    "controls": [
      { "default@pause.filler_panel": { } },
      { "hover@pause.focus_border": { } },
      { "pressed@pause.focus_border": { } }
    ]
  },

  "focus_border": {
    "type": "image",
    "texture": "textures/gui/newgui/focusBorder",
    "uv": [ 6, 6 ],
    "uv_size": [ 1, 1 ],
    "nineslice_size": 1.0,
    "color": [ 0.0, 0.0, 0.0 ]
  },

  "filler_panel": {
    "type": "panel",
    "layer": 1
  },

  "gamepad_helpers": {
    "type": "panel",
    "anchor_from": "bottom_middle",
    "anchor_to": "bottom_middle",
    "offset": [ -66, "-4px" ],
    "size": [ "100%c", 10 ],
    "layer": 10,
    "visible": "($win10_edition and $is_holographic)",
    "controls": [
      { "@common.gamepad_helper_x": { } }
    ]
  },

  "keyboard_helpers": {
    "type": "panel",
    "anchor_from": "bottom_middle",
    "anchor_to": "bottom_middle",
    "offset": [ -66, "-4px" ],
    "size": [ "100%c", 10 ],
    "layer": 10,
    "visible": "($win10_edition and $is_holographic)",
    "controls": [
      { "@common.keyboard_helper_keys": { } }
    ]
  }

}

