{
  "namespace": "redstone_container",
  
  
  //---------------------------------------------------------------------------
  // Redstone Grid Items
  //---------------------------------------------------------------------------

  "no_coalesce_container_slot_button@common.container_slot_button_prototype": {
    "button_mappings": [
      {
        "from_button_id": "button.menu_select",
        "to_button_id": "button.container_take_all_place_all",
        "mapping_type": "pressed"
      },
      {
        "from_button_id": "button.menu_ok",
        "to_button_id": "button.container_take_all_place_all",
        "mapping_type": "pressed"
      },
      {
        "from_button_id": "button.menu_secondary_select",
        "to_button_id": "button.container_take_half_place_one",
        "mapping_type": "pressed"
      },
      {
        "from_button_id": "button.controller_select",
        "to_button_id": "button.container_take_half_place_one",
        "mapping_type": "pressed"
      },
      {
        "from_button_id": "button.menu_auto_place",
        "to_button_id": "button.container_auto_place",
        "mapping_type": "pressed"
      },
      {
        "from_button_id": "button.controller_secondary_select",
        "to_button_id": "button.container_auto_place",
        "mapping_type": "pressed"
      },
      {
        "from_button_id": "button.menu_inventory_drop",
        "to_button_id": "button.drop_one",
        "mapping_type": "pressed"
      },
      {
        "from_button_id": "button.menu_inventory_drop_all",
        "to_button_id": "button.drop_all",
        "mapping_type": "pressed"
      },
      {
        "to_button_id": "button.container_slot_hovered",
        "mapping_type": "pressed"
      }
    ]
  },
  
  
  //---------------------------------------------------------------------------
  // Redstone Tab
  //---------------------------------------------------------------------------

  "tab_image": {
    "type": "image",
    "layer": 2,
    "nineslice_size": 0.0,
    "uv": [ 0, 32 ],
    "uv_size": [ 28, 32 ],
    "size": [ 28, 32 ]
  },

  "icon_image": {
    "type": "image",
    "layer": 3,
    "uv": [ 0, 0 ],
    "uv_size": [ 16, 16 ],
    "size": [ 16, 16 ]
  },
  

  "item_renderer": {
    "type": "custom",
    "offset": [ 0, 0 ],
    "renderer": "inventory_item_renderer",
    "size": [ 18, 18 ]
  },

  "redstone_icon@icon_image": {
    "texture": "textures/items/redstone_dust"
  },