{
  "namespace": "start",

  "language_icon": {
    "type": "image",
    "texture": "textures/gui/newgui/Language16",
    "layer": 3,
    "uv": [ 0, 0 ],
    "uv_size": [ 16, 16 ],
    "size": [ 16, 16 ]
  },

  "feedback_icon": {
    "type": "image",
    "texture": "textures/gui/newgui/Feedback",
    "layer": 3,
    "uv": [ 0, 0 ],
    "uv_size": [ 16, 16 ],
    "size": [ 16, 16 ]
  },

  "Xbox_icon": {
    "type": "image",
    "texture": "textures/gui/newgui/xbox4",
    "layer": 3,
    "uv": [ 0, 0 ],
    "uv_size": [ 27, 27 ],
    "size": [ 27, 27 ]
  },

  "change_skin_icon": {
    "type": "image",
    "anchor_from": "left_middle",
    "anchor_to": "left_middle",
    "texture": "textures/gui/newgui/hangar",
    "layer": 3,
    "uv": [ 0, 0 ],
    "uv_size": [ 32, 16 ],
    "size": [ 32, 16 ],
    "color": [ 0.3, 0.3, 0.3 ]
  },

  "new_offers_icon": {
    "type": "image",
    "texture": "textures/gui/newgui/newOffersIcon",
    "layer": 11,
    "anchor_from": "top_right",
    "anchor_to": "top_right",
    "uv": [ 0, 0 ],
    "uv_size": [ 21, 15 ],
    "size": [ 21, 15 ],
    "offset": [ 29, -14 ]
  },

  "minecraft_platform": {
    "type": "label",
    "shadow": true, 
    "offset": [ 1, -2 ],
    "layer": 2,
    "text": "$platform",
    "size": [ "default", 9 ],
    "max_size": [ "100%", "100%" ],
    "anchor_from": "top_left",
    "anchor_to": "top_left",
	"variables": [
	  {
	    "requires": "$win10_edition",
		"$platform": "Minecraft Win10"
	  },
	  {
	    "requires": "$pocket_edition",
		"$platform": "Minecraft PE"
      }
    ]
  },

  "version": {
    "type": "label",
    "shadow": true, 
    "offset": "$platform", 
    "layer": 2,
    "text": "#version",
    "size": [ "default", 9 ],
    "max_size": [ "100%", "100%" ],
    "anchor_from": "top_left",
    "anchor_to": "top_left",
	"variables": [
	  {
	    "requires": "$win10_edition",
		"$platform":  [ 82, -2 ]
	  },
	  {
	    "requires": "$pocket_edition",
		"$platform": [ 68, -2 ]
      }
    ],
    "bindings": [
      {
        "binding_name": "#version"
      }
    ]
  },

  "development_version": {
    "type": "label",
    "shadow": true,
    "layer": 2,
    "text": "#development_version",
    "size": [ "default", 9 ],
    "max_size": [ "100%", "100%" ],
    "anchor_from": "center",
    "anchor_to": "center",
    "bindings": [
      {
        "binding_name": "#development_version"
      }
    ]
  },

  "copyright": {
    "type": "label",
    "shadow": true, 
    "offset": [ -1, -2 ], 
    "layer": 2,
    "text": "Copyright Mojang AB. Do not distribute!",
    "size": [ "default", 9 ],
    "max_size": [ "100%", "100%" ],
    "anchor_from": "top_right",
    "anchor_to": "top_right"
  },

  "text_panel": {
    "type": "panel",
    "size": [ "100%-2px", 9 ],
    "anchor_from": "bottom_middle",
    "anchor_to": "bottom_middle",
    "controls": [
      {
        "@start.minecraft_platform": { }
      },
      {
        "@start.version": { }
      },
      {
        "@start.development_version": { }
      },
      {
        "@start.copyright": { }
      }
    ]
  },

  //---------------------------------------------------------------------------
  // Online Buttons Panel (and the lang button)
  //---------------------------------------------------------------------------

  
  "release_feedback_button@common.hyperlink_button": {
    "size": [ 24, 24 ],
    "property_bag":  {
      "#hyperlink": "http://aka.ms/minecraftfb"
    },
    "controls": [
      {
        "default@common.new_button_state_default": {
          "controls": [
            { "@start.feedback_icon": { } }
          ]
        }
      },
      {
        "hover@common.new_button_state_hover": {
          "controls": [
            { "@start.feedback_icon": { } }
          ]
        }
      },
      {
        "pressed@common.new_button_state_pressed": {
          "controls": [
            {
              "@start.feedback_icon": {
                "offset": [ 0, 1 ],
                "alpha": 0.65
              }
            }
          ]
        }
      }
    ]
  },

  "pre_release_feedback_button@start.release_feedback_button": {
    "property_bag":  {
      "#hyperlink": "http://aka.ms/minecraftfbbeta"
    }
  },

  "feedback_button": {
    "type": "panel",
    "controls": [
      { "@start.release_feedback_button": { "ignored": "$pre_release" } },
      { "@start.pre_release_feedback_button": { "ignored": "(not $pre_release)" } }
    ]
  },

  // Button will resize itself to length of the text
  "xbl_signin_button@common_buttons.light_text_form_fitting_button": {
    "$pressed_button_name": "button.xbl_signin",
    "$button_text_max_size": [ 80, 10 ], // longest localized string length will fit in this
    "$button_text": "xbox.signin"
  },

  "column_frame": {
    "type": "panel"
  },

  "online_buttons_panel": {
    "type": "panel",
    "anchor_to": "bottom_left",
    "anchor_from": "bottom_left",
    "size": [ "50% - 75px", 32 ],
    "offset": [ 0, "-10%" ],    
    "controls": [
      {
        "stacked_column": {
          "type": "stack_panel",
          "size": [ "100%", "100%" ],
          "offset": [ 98, -8.25 ],
          "anchor_from": "top_left",
          "anchor_to": "top_left",
          "orientation": "horizontal",
          "controls": [
            {
              "feedback_padding": {
                "type": "panel",
                "size": [ "5%", 0 ],
                "bindings": [
                  {
                    "binding_name": "#feedback_visible",
                    "binding_name_override": "#visible"
                  }
                ]
              }
            }
          ]
        }
      }
    ]
  },

  //---------------------------------------------------------------------------
  // Main Buttons Panel
  //---------------------------------------------------------------------------
  
  "main_button@common.legacy_button": {
    "size": [ "100% - 2px", "100% - 2px" ]
  },

  "play_button@start.main_button": {
    "$pressed_button_name": "button.menu_play",
    "$button_label_text": "menu.play",
    "default_focus_precedence": 0
  },
  "achievements_button@start.main_button": {
    "$pressed_button_name": "button.menu_achievements",
    "$button_label_text": "menu.achievements"
  },
  "skins_button@start.main_button": {
    "$pressed_button_name": "button.menu_skins",
    "$button_label_text": "selectWorld.customizeType"
  },

  "settings_button@start.main_button": {
    "$pressed_button_name": "button.menu_settings",
    "$button_label_text": "menu.settings"
  },

  "store_button@start.main_button": {
    "$pressed_button_name": "button.menu_store",
    "$button_label_text": "menu.store"
  },

  "buy_game_button@main_button": {
    "$pressed_button_name": "button.menu_buy_game",
    "$button_label_text": "trial.pauseScreen.buyGame"
  },

  "exit_button@main_button": {
    "$pressed_button_name": "button.menu_exit",
    "$button_label_text": "gui.exit"
  },

  "stacked_row": {
    "type": "panel",
    "size": [ "100%", 22 ]
  },

  "main_buttons_panel": {
    "type": "panel",
    "anchor_from": "center",
    "anchor_to": "top_middle",
    "size": [ 200, 100 ],
    "offset": [ 0, "-8% + 4px" ],
    "controls": [
      {
        "stacked_rows": {
          "type": "stack_panel",
          "size": [ "100%", "100%" ],
          "anchor_from": "top_middle",
          "anchor_to": "top_middle",
          "controls": [
            {
              "@stacked_row": {
                "controls": [
                  { "@play_button": { } }
                ]
              }
            },
			{
              "spacer": {
                "type": "panel",
                "size": [ 0, 2 ]
              }
            },
            {
              "@stacked_row": {
                "controls": [
                  { "@skins_button": { } }
                ]
              }
            },
			{
              "spacer": {
                "type": "panel",
                "size": [ 0, 2 ]
              }
            },
            {
              "@stacked_row": {
                "ignored": "$achievements_ignored",
                "controls": [
                  { "@achievements_button": { } }
                ],
                "bindings": [
                  {
                    "binding_name": "#achievements_visible",
                    "binding_name_override": "#visible"
                  }
                ]
              }
            },
            {
              "@stacked_row": {
                "controls": [
                  {
                    "stacked_columns": {
                      "type": "stack_panel",
                      "size": [ "100%", "100%" ],
                      "offset": [ 0, 14 ],
                      "orientation": "horizontal",
                      "controls": [
                        {
                          "stacked_col": {
                            "type": "panel",
                            "size": [ "fill", "100%" ],
                            "controls": [
                              { "@settings_button": { } }
                            ]
                          }
                        },
			            {
                          "spacer": {
                            "type": "panel",
                            "size": [ 2, 0 ]
                          }
                        },
                        {
                          "stacked_col": {
                            "type": "panel",
                            "size": [ "50%", "100%" ],
                            "ignored": "$store_ignored",
                            "controls": [
                              { "@store_button": { } },
                              {
                                "@new_offers_icon": {
                                  "offset": [ -1, "-12%" ],
                                  "bindings": [
                                    {
                                      "binding_name": "#new_offers",
                                      "binding_name_override": "#visible"
                                    }
                                  ]
                                }
                              }
                            ]
                          }
                        }
                      ]
                    }
                  }
                ]
              }
            },
            {
              "@stacked_row": {
                "controls": [
                  { "@buy_game_button": { } }
                ],
                "bindings": [
                  {
                    "binding_name": "#trial_game_mode",
                    "binding_name_override": "#visible"
                  }
                ]
              }
            }
          ]
        }
      }
    ]
  },

  "gamepad_helpers": {
    "type": "stack_panel",
    "orientation": "horizontal",
    "offset": [ 0, "40%" ],
    "size": [ "100%c", 10 ],
    "controls": [
      { "@common.gamepad_helper_a": { } },
      {
        "": {
          "type": "panel",
          "size": [ 10, 0 ]
        }
      },
      { "@common.gamepad_helper_b": { } }
    ]
  },

  //---------------------------------------------------------------------------
  // Realms Invite Panel
  //---------------------------------------------------------------------------

  "invite_notification_icon": {
    "type": "image",
    "texture": "$invite_texture",
    "uv": [ 0, 0 ],
    "uv_size": [ 16, 16 ],
    "size": [ 16, 16 ]
  },

  "realms_pending_invite_panel": {
    "type": "panel",
    "layer": 1,
    "size": [ 24, 24 ],
    "controls": [
      {
        "button@common.new_button": {
          "$pressed_button_name": "button.menu_invite_notification",
          "size": [ 20, 20 ],
          "offset": [ 2, 2 ],
          "controls": [
            {
              "default@start.invite_notification_icon": { "$invite_texture": "textures/gui/newgui/invite_base" }
            },
            {
              "hover@start.invite_notification_icon": { "$invite_texture": "textures/gui/newgui/invite_hover" }
            },
            {
              "pressed@start.invite_notification_icon": { "$invite_texture": "textures/gui/newgui/invite_pressed" }
            }
          ]
        }
      }
    ],
    "bindings": [
      {
        "binding_name": "#realms_notification_visible",
        "binding_name_override": "#visible"
      }
    ]
  },

  //---------------------------------------------------------------------------
  // Screens
  //---------------------------------------------------------------------------

  "start_screen@common.base_screen": {

    "button_mappings": [
      {
        "from_button_id": "button.menu_cancel",
        "to_button_id": "button.menu_exit",
        "mapping_type": "global"
      },
      {
        "from_button_id": "button.menu_up",
        "to_button_id": "button.menu_up",
        "mapping_type": "global",
        "scope": "view"
      },
      {
        "from_button_id": "button.menu_down",
        "to_button_id": "button.menu_down",
        "mapping_type": "global",
        "scope": "view"
      },
      {
        "from_button_id": "button.menu_left",
        "to_button_id": "button.menu_left",
        "mapping_type": "global",
        "scope": "view"
      },
      {
        "from_button_id": "button.menu_right",
        "to_button_id": "button.menu_right",
        "mapping_type": "global",
        "scope": "view"
      }
    ],
    "$screen_content": "start.start_screen_content"
  },

  "start_screen_content": {
    "type": "panel",
    "$achievements_ignored|default": false,
    "$feedback_ignored|default": false,
    "$store_ignored|default": false,
    "variables": [
      {
        "requires": "$education_edition",
        "$achievements_ignored": true,
        "$store_ignored|default": true
      },
      {
        "requires": "$gear_vr",
        "$feedback_ignored": true
      },
      {
        "requires": "$fire_tv",
        "$feedback_ignored": true
      }
    ],
    "controls": [
      {
        "@common_art.title_panel_content": { }
      },
      {
        "@start.skin_panel": { "layer": 1 }
      },
      {
        "@start.gamepad_helpers": { }
      },
      {
        "@start.main_buttons_panel": { }
      },
      {
        "@start.online_buttons_panel": { }
      },
      {
        "@start.text_panel": { }
      },
      {
        "@start.realms_pending_invite_panel": {
          "anchor_from": "top_left",
          "anchor_to": "top_left"
        }
      }
    ]
  }
}
