{
  "minecraft:entity": {
    "version": 1,

    "components": {
      "minecraft:identifier": {
        "id": "minecraft:player"
      },
      "minecraft:type_family": {
        "family": [ "player" ]
      },
      "minecraft:loot": {
        "table": "loot_tables/empty.json"
      },
      "minecraft:movement": {
        "value": 0.1,
        "max": 0.7
      },
     "minecraft:health": {
        "value": 40,
        "max": 40
      },
      "minecraft:fall_damage": {
        "value": 0.0
      },
      "minecraft:attack": {
        "damage": 600
      },

   "minecraft:leashable": {
        "soft_distance": 4.0,
        "hard_distance": 6.0,
        "max_distance": 10.0,
        "on_leash": {
          "event": "minecraft:on_leash",
          "target": "self"
        },
        "on_unleash": {
          "event": "minecraft:on_unleash",
          "target": "self"
        }
      },
      "minecraft:behavior.melee_attack": {
        "priority": 1,
        "target_dist": 1.0,
        "track_target": true
      },


      "minecraft:player.saturation": { "value": 40 },
      "minecraft:player.exhaustion": {
        "value": 0,
        "max": 4
      },
      "minecraft:player.level": {
        "value": 0,
        "max": 24791
      },
      "minecraft:player.experience": {
        "value": 0,
        "max": 1
      },
      "minecraft:breathable": {
        "totalSupply": 20,
        "suffocateTime": -1,
        "generatesBubbles": false
      },


    "events": {
      "minecraft:on_leash": {
        "add": {
          "component_groups": [
            "minecraft:golem_leashed"
          ]
        }
      },
      "minecraft:on_unleash": {
        "remove": {
          "component_groups": [
            "minecraft:golem_leashed"
          ]
        }
      }
    }




    }

  }
}
