[
  {
    "name": "apple",
    "id": 4,
    "icon": "apple",
    "category": "Miscellaneous",
    "use_animation": "eat",
    "use_duration": 32,
    "max_stack_size": 1,
    "foil": true,
    "hover_text_color": "aqua",


    "food": {
      "nutrition": 20,
      "saturation_modifier": "supernatural",
      "is_meat": false,
      "using_converts_to": "item.apple",
      "effects": [
        {
          "name": "speed",
          "chance": 1.0,
          "duration": 300,
          "amplifier": 0
        },
        {
          "name": "regeneration",
          "chance": 1.0,
          "duration": 300,
          "amplifier": 4
        },
        {
          "name": "absorption",
          "chance": 0.8,
          "duration": 300, 
          "amplifier": 1
        },
        {
          "name": "resistance", 
          "chance": 1.0,
          "duration": 300,
          "amplifier": 4
        },
        {
          "name": "fire_resistance",
          "chance": 0.8,
          "duration": 300,
          "amplifier": 4
        }
      ]
    }
  },
  {
    "name": "golden_apple",
    "id": 66,
    "icon": "apple_golden",
    "category": "Miscellaneous",
    "stack_by_data": true,
    "use_animation": "eat",
    "use_duration": 32,
    "foil": false,
    "hover_text_color": "aqua",

    "food": {
      "nutrition": 4, //
      "saturation_modifier": "supernatural",
      "is_meat": false, //
      "effects": [
        {
          "name": "regeneration",
          "chance": 1.0,
          "duration": 5,
          "amplifier": 1
        },
        {
          "name": "absorption",
          "chance": 1.0,
          "duration": 120, // 2 * 60
          "amplifier": 0
        }
      ],
      "enchanted_effects": [
        {
          "name": "regeneration",
          "chance": 0.66,
          "duration": 30,
          "amplifier": 4
        },
        {
          "name": "absorption",
          "chance": 0.66,
          "duration": 120, // 2 * 60
          "amplifier": 0
        },
        {
          "name": "resistance", // damage resistance
          "chance": 0.66,
          "duration": 300,
          "amplifier": 0
        },
        {
          "name": "fire_resistance",
          "chance": 0.66,
          "duration": 300,
          "amplifier": 0
        }
      ]
    }
  },
  {
    "name": "appleEnchanted", // Enchanted Golden Apple
    "id": 210,
    "icon": "apple_golden",
    "category": "Miscellaneous",
    "hand_equipped": false,
    "stack_by_data": true,
    "use_animation": "eat",
    "use_duration": 32,
    "foil": true,
    "hover_text_color": "light_purple",

    "food": {
      "nutrition": 4,
      "saturation_modifier": "supernatural",
      "is_meat": false,
      "effects": [
        {
          "name": "regeneration",
          "chance": 1.0,
          "duration": 30,
          "amplifier": 4
        },
        {
          "name": "absorption",
          "chance": 1.0,
          "duration": 120, // 2 * 60
          "amplifier": 0
        },
        {
          "name": "resistance", // damage resistance
          "chance": 1.0,
          "duration": 300,
          "amplifier": 0
        },
        {
          "name": "fire_resistance",
          "chance": 1.0,
          "duration": 300,
          "amplifier": 0
        }
      ]
    }
  },
  {
    "name": "mushroom_stew",
    "id": 26,
    "icon": "mushroom_stew",
    "category": "Miscellaneous",
    "use_animation": "eat",
    "use_duration": 32,
    "max_stack_size": 1,

    "food": {
      "nutrition": 6,
      "saturation_modifier": "normal",
      "is_meat": false,
      "using_converts_to": "item.bowl"
    }
  },
  {
    "name": "bread",
    "id": 41,
    "icon": "bread",
    "category": "Miscellaneous",
    "use_animation": "eat",
    "use_duration": 32,

    "food": {
      "nutrition": 5,
      "saturation_modifier": "normal",
      "is_meat": false
    }
  },
  {
    "name": "porkchop",
    "id": 63,
    "icon": "porkchop_raw",
    "use_animation": "eat",
    "use_duration": 32,

    "food": {
      "nutrition": 3,
      "saturation_modifier": "low",
      "is_meat": true
    }
  },
  {
    "name": "cooked_porkchop",
    "id": 64,
    "icon": "porkchop_cooked",
    "category": "Miscellaneous",
    "use_animation": "eat",
    "use_duration": 32,

    "food": {
      "nutrition": 8,
      "saturation_modifier": "good",
      "is_meat": true
    }
  },
  {
    "name": "fish",
    "id": 93,
    "icon": "fish",
    "use_animation": "eat",
    "use_duration": 32,
    "max_damage": 0,
    "stacked_by_data": true,

    "food": {
      "nutrition": 2,
      "saturation_modifier": "poor",
      "is_meat": true
    }
  },
  {
    "name": "salmon",
    "id": 204,
    "icon": "salmon",
    "use_animation": "eat",
    "use_duration": 32,
    "max_damage": 0,
    "stacked_by_data": true,

    "food": {
      "nutrition": 2,
      "saturation_modifier": "poor",
      "is_meat": true
    }
  },
  {
    "name": "clownfish",
    "id": 205,
    "icon": "clownfish",
    "use_animation": "eat",
    "use_duration": 32,
    "max_damage": 0,
    "stacked_by_data": true,

    "food": {
      "nutrition": 1,
      "saturation_modifier": "poor",
      "is_meat": true
    }
  },
  {
    "name": "pufferfish",
    "id": 206,
    "icon": "pufferfish",
    "use_animation": "eat",
    "use_duration": 32,
    "max_damage": 0,
    "stacked_by_data": true,

    "food": {
      "nutrition": 1,
      "saturation_modifier": "poor",
      "is_meat": true,
      "effects": [
        {
          "name": "poison",
          "duration": 60,
          "amplifier": 3
        },
        {
          "name": "nausea", // confusion
          "duration": 15,
          "amplifier": 1
        },
        {
          "name": "hunger",
          "duration": 15,
          "amplifier": 2
        }
      ]
    }
  },
  {
    "name": "cooked_fish",
    "id": 94,
    "icon": "cooked_fish",
    "use_animation": "eat",
    "use_duration": 32,
    "max_damage": 0,
    "stacked_by_data": true,

    "food": {
      "nutrition": 5,
      "saturation_modifier": "normal",
      "eat_sound": "random.burp",
      "is_meat": true
    }
  },
  {
    "name": "cooked_salmon",
    "id": 207,
    "icon": "cooked_salmon",
    "use_animation": "eat",
    "use_duration": 32,
    "max_damage": 0,
    "stacked_by_data": true,

    "food": {
      "nutrition": 6,
      "saturation_modifier": "good",
      "is_meat": true
    }
  },
  {
    "name": "cookie",
    "id": 101,
    "icon": "cookie",
    "use_animation": "eat",
    "use_duration": 32,

    "food": {
      "nutrition": 2,
      "saturation_modifier": "poor",
      "is_meat": false
    }
  },
  {
    "name": "melon",
    "id": 104,
    "icon": "melon",
    "use_animation": "eat",
    "use_duration": 32,

    "food": {
      "nutrition": 2,
      "saturation_modifier": "low",
      "is_meat": false
    }
  },
  {
    "name": "beef",
    "id": 107,
    "icon": "beef_raw",
    "use_animation": "eat",
    "use_duration": 32,

    "food": {
      "nutrition": 3,
      "saturation_modifier": "low",
      "is_meat": true
    }
  },
  {
    "name": "cooked_beef",
    "id": 108,
    "icon": "beef_cooked",
    "use_animation": "eat",
    "use_duration": 32,

    "food": {
      "nutrition": 8,
      "saturation_modifier": "good",
      "is_meat": true
    }
  },
  {
    "name": "chicken",
    "id": 109,
    "icon": "chicken_raw",
    "use_animation": "eat",
    "use_duration": 32,

    "food": {
      "nutrition": 2,
      "saturation_modifier": "low",
      "is_meat": true,
      "effects": [
        {
          "name": "hunger",
          "chance": 0.3,
          "duration": 30,
          "amplifier": 0
        }
      ]
    }
  },
  {
    "name": "cooked_chicken",
    "id": 110,
    "icon": "chicken_cooked",
    "use_animation": "eat",
    "use_duration": 32,

    "food": {
      "nutrition": 6,
      "saturation_modifier": "normal",
      "is_meat": true
    }
  },
  {
    "name": "muttonRaw",
    "id": 167,
    "icon": "mutton_raw",
    "use_animation": "eat",
    "use_duration": 32,

    "food": {
      "nutrition": 2,
      "saturation_modifier": "low",
      "is_meat": true
    }
  },
  {
    "name": "muttonCooked",
    "id": 168,
    "icon": "mutton_cooked",
    "use_animation": "eat",
    "use_duration": 32,

    "food": {
      "nutrition": 6,
      "saturation_modifier": "good",
      "is_meat": true
    }
  },
  {
    "name": "rotten_flesh",
    "id": 111,
    "icon": "rotten_flesh",
    "use_animation": "eat",
    "use_duration": 32,

    "food": {
      "nutrition": 4,
      "saturation_modifier": "poor",
      "is_meat": true,
      "effects": [
        {
          "name": "hunger",
          "chance": 0.8,
          "duration": 30,
          "amplifier": 0
        }
      ]
    }
  },
  {
    "name": "spider_eye",
    "id": 119,
    "icon": "spider_eye",
    "use_animation": "eat",
    "use_duration": 32,

    "food": {
      "nutrition": 2,
      "saturation_modifier": "good",
      "is_meat": false,
      "effects": [
        {
          "name": "poison",
          "chance": 1.0,
          "duration": 5,
          "amplifier": 0
        }
      ]
    }
  },
  {
    "name": "carrot",
    "id": 135,
    "icon": "carrot",
    "use_animation": "eat",
    "use_duration": 32,

    "food": {
      "nutrition": 3,
      "saturation_modifier": "normal",
      "is_meat": false
    },
    "seed": {
      "crop_result": "carrots",
      "plant_at": "farmland"
    }
  },
  {
    "name": "potato",
    "id": 136,
    "icon": "potato",
    "use_animation": "eat",
    "use_duration": 32,

    "food": {
      "nutrition": 1,
      "saturation_modifier": "low",
      "is_meat": false
    },
    "seed": {
      "crop_result": "potatoes",
      "plant_at": "farmland"
    }
  },
  {
    "name": "baked_potato",
    "id": 137,
    "icon": "potato_baked",
    "use_animation": "eat",
    "use_duration": 32,

    "food": {
      "nutrition": 5,
      "saturation_modifier": "normal",
      "is_meat": false
    }
  },
  {
    "name": "poisonous_potato",
    "id": 138,
    "icon": "potato_poisonous",
    "use_animation": "eat",
    "use_duration": 32,

    "food": {
      "nutrition": 2,
      "saturation_modifier": "low",
      "is_meat": false,
      "effects": [
        {
          "name": "poison",
          "chance": 0.6,
          "duration": 5,
          "amplifier": 0
        }
      ]
    }
  },
  {
    "name": "golden_carrot",
    "id": 140,
    "icon": "carrot_golden",
    "category": "Miscellaneous",
    "use_animation": "eat",
    "use_duration": 32,

    "food": {
      "nutrition": 6,
      "saturation_modifier": "supernatural",
      "is_meat": false
    }
  },
  {
    "name": "pumpkin_pie",
    "id": 144,
    "icon": "pumpkin_pie",
    "use_animation": "eat",
    "use_duration": 32,

    "food": {
      "nutrition": 8,
      "saturation_modifier": "low",
      "is_meat": false
    }
  },
  {
    "name": "rabbit",
    "id": 155,
    "icon": "rabbit",
    "category": "Miscellaneous",
    "use_animation": "eat",
    "use_duration": 32,

    "food": {
      "nutrition": 3,
      "saturation_modifier": "low",
      "is_meat": true
    }
  },
  {
    "name": "cooked_rabbit",
    "id": 156,
    "icon": "rabbit_cooked",
    "category": "Miscellaneous",
    "use_animation": "eat",
    "use_duration": 32,

    "food": {
      "nutrition": 5,
      "saturation_modifier": "normal",
      "is_meat": true
    }
  },
  {
    "name": "rabbit_stew",
    "id": 157,
    "icon": "rabbit_stew",
    "category": "Miscellaneous",
    "use_animation": "eat",
    "use_duration": 32,
    "max_stack_size": 1,

    "food": {
      "nutrition": 10,
      "saturation_modifier": "normal",
      "using_converts_to": "bowl",
      "is_meat": true
    }
  },
  {
    "name": "beetroot",
    "id": 201,
    "icon": "beetroot",
    "use_animation": "eat",
    "use_duration": 32,

    "food": {
      "nutrition": 1,
      "saturation_modifier": "normal",
      "is_meat": false
    }
  },
  {
    "name": "beetroot_soup",
    "id": 203,
    "icon": "beetroot_soup",
    "use_animation": "eat",
    "use_duration": 32,
    "max_stack_size": 1,

    "food": {
      "nutrition": 6,
      "saturation_modifier": "normal",
      "using_converts_to": "bowl",
      "is_meat": false
    }
  },
  {
    "name": "wheat_seeds", // wheatSeeds
    "id": 39,
    "icon": "seeds_wheat",
    "category": "Miscellaneous",

    "seed": {
      "crop_result": "wheat", // wheatCrops
      "plant_at": "farmland"
    }
  },
  {
    "name": "pumpkin_seeds",
    "id": 105,
    "icon": "seeds_pumpkin",
    "category": "Miscellaneous",

    "seed": {
      "crop_result": "pumpkin_stem",
      "plant_at": "farmland"
    }
  },
  {
    "name": "melon_seeds",
    "id": 106,
    "icon": "seeds_melon",
    "category": "Miscellaneous",

    "seed": {
      "crop_result": "melon_stem",
      "plant_at": "farmland"
    }
  },
  {
    "name": "nether_wart",
    "id": 116,
    "icon": "nether_wart",
    "category": "Miscellaneous",

    "seed": {
      "crop_result": "nether_wart",
      "plant_at": "soul_sand"
    }
  },
  {
    "name": "beetroot_seeds",
    "id": 202,
    "icon": "seeds_beetroot",
    "category": "Miscellaneous",

    "seed": {
      "crop_result": "beetroot",
      "plant_at": "farmland"
    }
  }
]
