{
  "geometry.Festive.bad_santa": {
    "bones": [
      {
        "name": "body",
        "cubes": [
          {
            "origin": [ -4, 12, -2 ],
            "uv": [ 16, 16 ],
            "size": [ 8, 12, 4 ]
          }
        ],
        "pivot": [
          0,
          24,
          0
        ]
      },
      {
        "name": "rightArm",
        "cubes": [
          {
            "origin": [ -8, 12, -2 ],
            "uv": [ 40, 16 ],
            "size": [ 4, 12, 4 ]
          }
        ],
        "pivot": [
          -5,
          22,
          0
        ],
        "parent": "body"
      },
      {
        "name": "leftArm",
        "cubes": [
          {
            "origin": [ 4, 12, -2 ],
            "uv": [ 40, 16 ],
            "size": [ 4, 12, 4 ]
          }
        ],
        "pivot": [
          5,
          22,
          0
        ],
        "mirror": true,
        "parent": "body"
      },
      {
        "name": "jacket",
        "cubes": [
          {
            "origin": [ -4, 12, -2 ],
            "inflate": 0.25,
            "uv": [ 16, 32 ],
            "size": [ 8, 12, 4 ]
          }
        ],
        "pivot": [
          0,
          24,
          0
        ],
        "parent": "body"
      },
      {
        "name": "head",
        "cubes": [
          {
            "origin": [ -4, 24, -4 ],
            "uv": [ 0, 0 ],
            "size": [ 8, 8, 8 ]
          }
        ],
        "pivot": [
          0,
          24,
          0
        ],
        "parent": "body"
      },
      {
        "name": "hat",
        "cubes": [
          {
            "origin": [ -4, 24, -4 ],
            "inflate": 0.5,
            "uv": [ 32, 0 ],
            "size": [ 8, 8, 8 ]
          }
        ],
        "pivot": [
          0,
          24,
          0
        ],
        "parent": "head"
      },
      {
        "name": "helmet",
        "cubes": [
          {
            "origin": [ -5.000002, 30, -5.000001 ],
            "uv": [ 0, 52 ],
            "size": [ 10, 2, 10 ]
          },
          {
            "origin": [ -3.999999, 32, -4.000001 ],
            "uv": [ 32, 49 ],
            "size": [ 8, 2, 8 ]
          },
          {
            "origin": [ -4.000002, 34, -3 ],
            "uv": [ 36, 42 ],
            "size": [ 7, 1, 6 ]
          },
          {
            "origin": [ -5.000001, 35, -2 ],
            "uv": [ 42, 59 ],
            "size": [ 7, 1, 4 ]
          },
          {
            "origin": [ -6.999998, 36, -0.9999994 ],
            "uv": [ 0, 49 ],
            "size": [ 6, 1, 2 ]
          },
          {
            "origin": [ -8, 34, -0.9999994 ],
            "uv": [ 0, 58 ],
            "size": [ 2, 2, 2 ]
          }
        ],
        "pivot": [
          1.136868e-15,
          24,
          0
        ],
        "parent": "head"
      },
      {
        "name": "rightLeg",
        "cubes": [
          {
            "origin": [ -3.9, 0, -2 ],
            "uv": [ 0, 16 ],
            "size": [ 4, 12, 4 ]
          }
        ],
        "pivot": [
          -1.9,
          12,
          0
        ]
      },
      {
        "name": "rightPants",
        "cubes": [
          {
            "origin": [ -3.9, 0, -2 ],
            "inflate": 0.25,
            "uv": [ 0, 32 ],
            "size": [ 4, 12, 4 ]
          }
        ],
        "pivot": [
          -1.9,
          12,
          0
        ],
        "parent": "rightLeg"
      },
      {
        "name": "leftLeg",
        "cubes": [
          {
            "origin": [ -0.1, 0, -2 ],
            "uv": [ 0, 16 ],
            "size": [ 4, 12, 4 ]
          }
        ],
        "pivot": [
          1.9,
          12,
          0
        ],
        "mirror": true
      },
      {
        "name": "leftPants",
        "cubes": [
          {
            "origin": [ -0.1, 0, -2 ],
            "inflate": 0.25,
            "uv": [ 0, 32 ],
            "size": [ 4, 12, 4 ]
          }
        ],
        "pivot": [
          1.9,
          12,
          0
        ],
        "mirror": true,
        "parent": "leftLeg"
      }
    ]
  },
  "geometry.Festive.father_christmas": {
    "bones": [
      {
        "name": "body",
        "cubes": [
          {
            "origin": [ -4, 12, -2 ],
            "uv": [ 16, 16 ],
            "size": [ 8, 12, 4 ]
          }
        ],
        "pivot": [
          0,
          24,
          0
        ]
      },
      {
        "name": "rightArm",
        "cubes": [
          {
            "origin": [ -8, 12, -2 ],
            "uv": [ 40, 16 ],
            "size": [ 4, 12, 4 ]
          }
        ],
        "pivot": [
          -5,
          22,
          0
        ],
        "parent": "body"
      },
      {
        "name": "rightSleeve",
        "cubes": [
          {
            "origin": [ -8, 12, -2 ],
            "inflate": 0.25,
            "uv": [ 40, 32 ],
            "size": [ 4, 12, 4 ]
          }
        ],
        "pivot": [
          -5,
          22,
          0
        ],
        "parent": "rightArm"
      },
      {
        "name": "leftArm",
        "cubes": [
          {
            "origin": [ 4, 12, -2 ],
            "uv": [ 40, 16 ],
            "size": [ 4, 12, 4 ]
          }
        ],
        "pivot": [
          5,
          22,
          0
        ],
        "mirror": true,
        "parent": "body"
      },
      {
        "name": "leftSleeve",
        "cubes": [
          {
            "origin": [ 4, 12, -2 ],
            "inflate": 0.25,
            "uv": [ 40, 32 ],
            "size": [ 4, 12, 4 ]
          }
        ],
        "pivot": [
          5,
          22,
          0
        ],
        "mirror": true,
        "parent": "leftArm"
      },
      {
        "name": "head",
        "cubes": [
          {
            "origin": [ -4, 24, -4 ],
            "uv": [ 0, 0 ],
            "size": [ 8, 8, 8 ]
          }
        ],
        "pivot": [
          0,
          24,
          0
        ],
        "parent": "body"
      },
      {
        "name": "hat",
        "cubes": [
          {
            "origin": [ -4, 24, -4 ],
            "inflate": 0.5,
            "uv": [ 32, 0 ],
            "size": [ 8, 8, 8 ]
          }
        ],
        "pivot": [
          0,
          24,
          0
        ],
        "parent": "head"
      },
      {
        "name": "helmet",
        "cubes": [
          {
            "origin": [ -4, 32, -3 ],
            "uv": [ 0, 57 ],
            "size": [ 8, 1, 6 ]
          },
          {
            "origin": [ -0.9999999, 30, 4 ],
            "uv": [ 38, 61 ],
            "size": [ 2, 2, 1 ]
          },
          {
            "origin": [ -0.9999999, 31, 6 ],
            "uv": [ 38, 57 ],
            "size": [ 2, 2, 2 ]
          },
          {
            "origin": [ -2, 32, 2 ],
            "uv": [ 22, 52 ],
            "size": [ 4, 2, 4 ]
          },
          {
            "origin": [ -3, 33, -2 ],
            "uv": [ 0, 52 ],
            "size": [ 6, 1, 4 ]
          },
          {
            "origin": [ -2, 34, 1.358986e-07 ],
            "uv": [ 22, 58 ],
            "size": [ 4, 1, 4 ]
          }
        ],
        "pivot": [
          0,
          24,
          0
        ],
        "parent": "head"
      },
      {
        "name": "jacket",
        "cubes": [
          {
            "origin": [ -4, 12, -2 ],
            "inflate": 0.25,
            "uv": [ 16, 32 ],
            "size": [ 8, 12, 4 ]
          }
        ],
        "pivot": [
          0,
          24,
          0
        ],
        "parent": "body"
      },
      {
        "name": "rightLeg",
        "cubes": [
          {
            "origin": [ -3.9, 1.525879e-07, -2 ],
            "uv": [ 0, 16 ],
            "size": [ 4, 12, 4 ]
          }
        ],
        "pivot": [
          -1.9,
          12,
          0
        ]
      },
      {
        "name": "rightPants",
        "cubes": [
          {
            "origin": [ -3.9, 1.525879e-07, -2 ],
            "inflate": 0.2500002,
            "uv": [ 0, 32 ],
            "size": [ 4, 12, 4 ]
          }
        ],
        "pivot": [
          -1.9,
          12,
          0
        ],
        "parent": "rightLeg"
      },
      {
        "name": "leftLeg",
        "cubes": [
          {
            "origin": [ -0.09999985, 1.525879e-07, -2 ],
            "uv": [ 0, 16 ],
            "size": [ 4, 12, 4 ]
          }
        ],
        "pivot": [
          1.9,
          12,
          0
        ],
        "mirror": true
      },
      {
        "name": "leftPants",
        "cubes": [
          {
            "origin": [ -0.09999985, 1.525879e-07, -2 ],
            "inflate": 0.2500002,
            "uv": [ 0, 32 ],
            "size": [ 4, 12, 4 ]
          }
        ],
        "pivot": [
          1.9,
          12,
          0
        ],
        "mirror": true,
        "parent": "leftLeg"
      }
    ]
  },
  "geometry.Festive.gingerbreadman": {
		"bones": [
            {	"name": "body",
                "cubes": [
                    {	"origin": [-4,12,-2],
                        "uv": [16,16],
                        "size": [8,12,4]
                    }
                ],
                "pivot": [
                    0,
                    24,
                    0
                ]
            },
            {	"name": "bodyArmor",
                "cubes": [
                    {	"origin": [-1,19,-2.9],
                        "uv": [56,16],
                        "size": [2,2,1]
                    },
                    {	"origin": [-1,15,-2.9],
                        "uv": [56,19],
                        "size": [2,2,1]
                    }
                ],
                "pivot": [
                    0,
                    24,
                    0
                ],
                "parent": "body"
            },
            {	"name": "jacket",
                "cubes": [
                    {	"origin": [-4,12,-2],
                        "inflate": 0.25,
                        "uv": [16,32],
                        "size": [8,12,4]
                    }
                ],
                "pivot": [
                    0,
                    24,
                    0
                ],
                "parent": "body"
            },
            {	"name": "head",
                "cubes": [
                    {	"origin": [-4,24,-4],
                        "uv": [0,0],
                        "size": [8,8,8]
                    }
                ],
                "pivot": [
                    0,
                    24,
                    0
                ],
                "parent": "body"
            },
            {	"name": "hat",
                "cubes": [
                    {	"origin": [-4,24,-4],
                        "inflate": 0.5,
                        "uv": [32,0],
                        "size": [8,8,8]
                    }
                ],
                "pivot": [
                    0,
                    24,
                    0
                ],
                "parent": "head"
            },
            {	"name": "rightArm",
                "cubes": [
                    {	"origin": [-8,12,-2],
                        "uv": [40,16],
                        "size": [4,12,4]
                    }
                ],
                "pivot": [
                    -5,
                    22,
                    0
                ],
                "parent": "body"
            },
            {	"name": "rightSleeve",
                "cubes": [
                    {	"origin": [-8,12,-2],
                        "inflate": 0.25,
                        "uv": [40,32],
                        "size": [4,12,4]
                    }
                ],
                "pivot": [
                    -5,
                    22,
                    0
                ],
                "parent": "rightArm"
            },
            {	"name": "leftArm",
                "cubes": [
                    {	"origin": [4,12,-2],
                        "uv": [32,48],
                        "size": [4,12,4]
                    }
                ],
                "pivot": [
                    5,
                    22,
                    0
                ],
                "parent": "body"
            },
            {	"name": "leftSleeve",
                "cubes": [
                    {	"origin": [4,12,-2],
                        "inflate": 0.25,
                        "uv": [48,48],
                        "size": [4,12,4]
                    }
                ],
                "pivot": [
                    5,
                    22,
                    0
                ],
                "parent": "leftArm"
            },
            {	"name": "rightLeg",
                "cubes": [
                    {	"origin": [-3.9,3.051758e-07,-2],
                        "uv": [0,16],
                        "size": [4,12,4]
                    }
                ],
                "pivot": [
                    -1.9,
                    12,
                    0
                ]
            },
            {	"name": "rightPants",
                "cubes": [
                    {	"origin": [-3.9,3.051758e-07,-2],
                        "inflate": 0.2500002,
                        "uv": [0,32],
                        "size": [4,12,4]
                    }
                ],
                "pivot": [
                    -1.9,
                    12,
                    0
                ],
                "parent": "rightLeg"
            },
            {	"name": "leftLeg",
                "cubes": [
                    {	"origin": [-0.09999977,2.288819e-07,-2],
                        "uv": [16,48],
                        "size": [4,12,4]
                    }
                ],
                "pivot": [
                    1.9,
                    12,
                    0
                ]
            },
            {	"name": "leftPants",
                "cubes": [
                    {	"origin": [-0.09999977,2.288818e-07,-2],
                        "inflate": 0.2500001,
                        "uv": [0,48],
                        "size": [4,12,4]
                    }
                ],
                "pivot": [
                    1.9,
                    12,
                    0
                ],
                "parent": "leftLeg"
            }
        ]
    },
  "geometry.Festive.greenelf": {
		"bones": [
            {	"name": "body",
                "cubes": [
                    {	"origin": [-4,12,-2],
                        "uv": [16,16],
                        "size": [8,12,4]
                    }
                ],
                "pivot": [
                    0,
                    24,
                    0
                ]
            },
            {	"name": "head",
                "cubes": [
                    {	"origin": [-4,24,-4],
                        "uv": [0,0],
                        "size": [8,8,8]
                    }
                ],
                "pivot": [
                    0,
                    24,
                    0
                ],
                "parent": "body"
            },
            {	"name": "helmet",
                "cubes": [
                    {	"origin": [-3,32,-3],
                        "uv": [0,55],
                        "size": [6,2,7]
                    },
                    {	"origin": [-2,34,-1],
                        "uv": [19,55],
                        "size": [4,2,5]
                    },
                    {	"origin": [-1,36,1],
                        "uv": [7,52],
                        "size": [2,1,2]
                    }
                ],
                "pivot": [
                    0,
                    24,
                    0
                ],
                "parent": "head"
            },
            {	"name": "rightArm",
                "cubes": [
                    {	"origin": [-8,12,-2],
                        "uv": [40,16],
                        "size": [4,12,4]
                    }
                ],
                "pivot": [
                    -5,
                    22,
                    0
                ],
                "parent": "body"
            },
            {	"name": "rightSleeve",
                "cubes": [
                    {	"origin": [-8,12,-2],
                        "inflate": 0.25,
                        "uv": [40,32],
                        "size": [4,12,4]
                    }
                ],
                "pivot": [
                    -5,
                    22,
                    0
                ],
                "parent": "rightArm"
            },
            {	"name": "leftArm",
                "cubes": [
                    {	"origin": [4,12,-2],
                        "uv": [40,16],
                        "size": [4,12,4]
                    }
                ],
                "pivot": [
                    5,
                    22,
                    0
                ],
                "mirror": true,
                "parent": "body"
            },
            {	"name": "leftSleeve",
                "cubes": [
                    {	"origin": [4,12,-2],
                        "inflate": 0.25,
                        "uv": [40,32],
                        "size": [4,12,4]
                    }
                ],
                "pivot": [
                    5,
                    22,
                    0
                ],
                "mirror": true,
                "parent": "leftArm"
            },
            {	"name": "jacket",
                "cubes": [
                    {	"origin": [-4,12,-2],
                        "inflate": 0.25,
                        "uv": [16,32],
                        "size": [8,12,4]
                    }
                ],
                "pivot": [
                    0,
                    24,
                    0
                ],
                "parent": "body"
            },
            {	"name": "rightLeg",
                "cubes": [
                    {	"origin": [-3.9,3.051758e-07,-2],
                        "uv": [0,16],
                        "size": [4,12,4]
                    }
                ],
                "pivot": [
                    -1.9,
                    12,
                    0
                ]
            },
            {	"name": "rightPants",
                "cubes": [
                    {	"origin": [-3.9,2.670288e-07,-2],
                        "inflate": 0.2500003,
                        "uv": [0,32],
                        "size": [4,12,4]
                    }
                ],
                "pivot": [
                    -1.9,
                    12,
                    0
                ],
                "parent": "rightLeg"
            },
            {	"name": "leftLeg",
                "cubes": [
                    {	"origin": [-0.09999977,2.288819e-07,-2],
                        "uv": [0,16],
                        "size": [4,12,4]
                    }
                ],
                "pivot": [
                    1.9,
                    12,
                    0
                ],
                "mirror": true
            },
            {	"name": "leftPants",
                "cubes": [
                    {	"origin": [-0.09999969,2.670288e-07,-2],
                        "inflate": 0.2500003,
                        "uv": [0,32],
                        "size": [4,12,4]
                    }
                ],
                "pivot": [
                    1.9,
                    12,
                    0
                ],
                "mirror": true,
                "parent": "leftLeg"
            }
        ]
    },
  "geometry.Festive.mother_christmas": {
    "bones": [
      {
        "name": "body",
        "cubes": [
          {
            "origin": [ -4, 12, -2 ],
            "uv": [ 16, 16 ],
            "size": [ 8, 12, 4 ]
          }
        ],
        "pivot": [
          0,
          24,
          0
        ]
      },
      {
        "name": "head",
        "cubes": [
          {
            "origin": [ -4, 24, -4 ],
            "uv": [ 0, 0 ],
            "size": [ 8, 8, 8 ]
          }
        ],
        "pivot": [
          0,
          24,
          0
        ],
        "parent": "body"
      },
      {
        "name": "helmet",
        "cubes": [
          {
            "origin": [ -0.9999999, 27, 5 ],
            "uv": [ 44, 7 ],
            "size": [ 2, 3.000002, 1 ]
          },
          {
            "origin": [ 1, 27, 4 ],
            "uv": [ 39, 7 ],
            "size": [ 1, 3, 1 ]
          },
          {
            "origin": [ -2, 27, 4 ],
            "uv": [ 51, 7 ],
            "size": [ 1, 3.000002, 1 ]
          },
          {
            "origin": [ -1, 26, 4 ],
            "uv": [ 44, 12 ],
            "size": [ 2, 1, 1 ]
          },
          {
            "origin": [ -0.9999997, 30, 4 ],
            "uv": [ 44, 4 ],
            "size": [ 2, 1, 1 ]
          }
        ],
        "pivot": [
          0,
          24,
          0
        ],
        "parent": "head"
      },
      {
        "name": "jacket",
        "cubes": [
          {
            "origin": [ -4, 12, -2 ],
            "inflate": 0.25,
            "uv": [ 16, 32 ],
            "size": [ 8, 12, 4 ]
          }
        ],
        "pivot": [
          0,
          24,
          0
        ],
        "parent": "body"
      },
      {
        "name": "leftArm",
        "cubes": [
          {
            "origin": [ 4, 11.5, -2 ],
            "uv": [ 32, 48 ],
            "size": [ 3, 12, 4 ]
          }
        ],
        "pivot": [
          5,
          21.5,
          0
        ],
        "parent": "body"
      },
      {
        "name": "leftSleeve",
        "cubes": [
          {
            "origin": [ 4, 11.5, -2 ],
            "inflate": 0.25,
            "uv": [ 48, 48 ],
            "size": [ 3, 12, 4 ]
          }
        ],
        "pivot": [
          5,
          21.5,
          0
        ],
        "parent": "leftArm"
      },
      {
        "name": "rightArm",
        "cubes": [
          {
            "origin": [ -7, 11.5, -2 ],
            "uv": [ 40, 16 ],
            "size": [ 3, 12, 4 ]
          }
        ],
        "pivot": [
          -5,
          21.5,
          0
        ],
        "parent": "body"
      },
      {
        "name": "rightSleeve",
        "cubes": [
          {
            "origin": [ -7, 11.5, -2 ],
            "inflate": 0.25,
            "uv": [ 40, 32 ],
            "size": [ 3, 12, 4 ]
          }
        ],
        "pivot": [
          -5,
          21.5,
          0
        ],
        "parent": "rightArm"
      },
      {
        "name": "leftLeg",
        "cubes": [
          {
            "origin": [ -0.09999985, 1.525879e-07, -2 ],
            "uv": [ 16, 48 ],
            "size": [ 4, 12, 4 ]
          }
        ],
        "pivot": [
          1.9,
          12,
          0
        ]
      },
      {
        "name": "leftPants",
        "cubes": [
          {
            "origin": [ -0.09999985, 1.525879e-07, -2 ],
            "inflate": 0.2500002,
            "uv": [ 0, 48 ],
            "size": [ 4, 12, 4 ]
          }
        ],
        "pivot": [
          1.9,
          12,
          0
        ],
        "parent": "leftLeg"
      },
      {
        "name": "rightLeg",
        "cubes": [
          {
            "origin": [ -3.9, 1.525879e-07, -2 ],
            "uv": [ 0, 16 ],
            "size": [ 4, 12, 4 ]
          }
        ],
        "pivot": [
          -1.9,
          12,
          0
        ]
      },
      {
        "name": "rightPants",
        "cubes": [
          {
            "origin": [ -3.9, 1.525879e-07, -2 ],
            "inflate": 0.2500002,
            "uv": [ 0, 32 ],
            "size": [ 4, 12, 4 ]
          }
        ],
        "pivot": [
          -1.9,
          12,
          0
        ],
        "parent": "rightLeg"
      }
    ]
  },
  "geometry.Festive.pajamakid": {
    "bones": [
      {
        "name": "body",
        "cubes": [
          {
            "origin": [ -4, 12, -2 ],
            "uv": [ 16, 16 ],
            "size": [ 8, 12, 4 ]
          }
        ],
        "pivot": [
          0,
          24,
          0
        ]
      },
      {
        "name": "head",
        "cubes": [
          {
            "origin": [ -4, 24, -4 ],
            "uv": [ 0, 0 ],
            "size": [ 8, 8, 8 ]
          }
        ],
        "pivot": [
          0,
          24,
          0
        ],
        "parent": "body"
      },
      {
        "name": "helmet",
        "cubes": [
          {
            "origin": [ -2, 32, 0 ],
            "uv": [ 0, 0 ],
            "size": [ 2, 3, 2 ]
          },
          {
            "origin": [ -2, 32, -1 ],
            "uv": [ 52, 28 ],
            "size": [ 2, 2, 4 ]
          },
          {
            "origin": [ -3, 32, 0 ],
            "uv": [ 24, 4 ],
            "size": [ 4, 2, 2 ]
          }
        ],
        "pivot": [
          0,
          24,
          0
        ],
        "parent": "head"
      },
      {
        "name": "hat",
        "cubes": [
          {
            "origin": [ -4, 24, -4 ],
            "inflate": 0.5,
            "uv": [ 32, 0 ],
            "size": [ 8, 8, 8 ]
          }
        ],
        "pivot": [
          0,
          24,
          0
        ],
        "parent": "head"
      },
      {
        "name": "leftArm",
        "cubes": [
          {
            "origin": [ 4, 11.5, -2 ],
            "uv": [ 32, 48 ],
            "size": [ 3, 12, 4 ]
          }
        ],
        "pivot": [
          5,
          21.5,
          0
        ],
        "parent": "body"
      },
      {
        "name": "leftSleeve",
        "cubes": [
          {
            "origin": [ 4, 11.5, -2 ],
            "inflate": 0.25,
            "uv": [ 48, 48 ],
            "size": [ 3, 12, 4 ]
          }
        ],
        "pivot": [
          5,
          21.5,
          0
        ],
        "parent": "leftArm"
      },
      {
        "name": "rightArm",
        "cubes": [
          {
            "origin": [ -7, 11.5, -2 ],
            "uv": [ 40, 16 ],
            "size": [ 3, 12, 4 ]
          }
        ],
        "pivot": [
          -5,
          21.5,
          0
        ],
        "parent": "body"
      },
      {
        "name": "rightSleeve",
        "cubes": [
          {
            "origin": [ -7, 11.5, -2 ],
            "inflate": 0.25,
            "uv": [ 40, 32 ],
            "size": [ 3, 12, 4 ]
          }
        ],
        "pivot": [
          -5,
          21.5,
          0
        ],
        "parent": "rightArm"
      },
      {
        "name": "jacket",
        "cubes": [
          {
            "origin": [ -4, 12, -2 ],
            "inflate": 0.25,
            "uv": [ 16, 32 ],
            "size": [ 8, 12, 4 ]
          }
        ],
        "pivot": [
          0,
          24,
          0
        ],
        "parent": "body"
      },
      {
        "name": "leftLeg",
        "cubes": [
          {
            "origin": [ -0.09999985, 1.525879e-07, -2 ],
            "uv": [ 16, 48 ],
            "size": [ 4, 12, 4 ]
          }
        ],
        "pivot": [
          1.9,
          12,
          0
        ]
      },
      {
        "name": "leftPants",
        "cubes": [
          {
            "origin": [ -0.09999985, 1.525879e-07, -2 ],
            "inflate": 0.2500002,
            "uv": [ 0, 48 ],
            "size": [ 4, 12, 4 ]
          }
        ],
        "pivot": [
          1.9,
          12,
          0
        ],
        "parent": "leftLeg"
      },
      {
        "name": "rightLeg",
        "cubes": [
          {
            "origin": [ -3.9, 1.525879e-07, -2 ],
            "uv": [ 0, 16 ],
            "size": [ 4, 12, 4 ]
          }
        ],
        "pivot": [
          -1.9,
          12,
          0
        ]
      },
      {
        "name": "rightPants",
        "cubes": [
          {
            "origin": [ -3.9, 1.525879e-07, -2 ],
            "inflate": 0.2500002,
            "uv": [ 0, 32 ],
            "size": [ 4, 12, 4 ]
          }
        ],
        "pivot": [
          -1.9,
          12,
          0
        ],
        "parent": "rightLeg"
      }
    ]
  },
  "geometry.Festive.rudolph": {
    "bones": [
      {
        "name": "body",
        "cubes": [
          {
            "origin": [ -4, 12, -2 ],
            "uv": [ 16, 16 ],
            "size": [ 8, 12, 4 ]
          }
        ],
        "pivot": [
          0,
          24,
          0
        ]
      },
      {
        "name": "rightArm",
        "cubes": [
          {
            "origin": [ -8, 12, -2 ],
            "uv": [ 40, 16 ],
            "size": [ 4, 12, 4 ]
          }
        ],
        "pivot": [
          -5,
          22,
          0
        ],
        "parent": "body"
      },
      {
        "name": "rightSleeve",
        "cubes": [
          {
            "origin": [ -8, 12, -2 ],
            "inflate": 0.25,
            "uv": [ 40, 32 ],
            "size": [ 4, 12, 4 ]
          }
        ],
        "pivot": [
          -5,
          22,
          0
        ],
        "parent": "rightArm"
      },
      {
        "name": "leftArm",
        "cubes": [
          {
            "origin": [ 4, 12, -2 ],
            "uv": [ 32, 48 ],
            "size": [ 4, 12, 4 ]
          }
        ],
        "pivot": [
          5,
          22,
          0
        ],
        "parent": "body"
      },
      {
        "name": "leftSleeve",
        "cubes": [
          {
            "origin": [ 4, 12, -2 ],
            "inflate": 0.25,
            "uv": [ 48, 48 ],
            "size": [ 4, 12, 4 ]
          }
        ],
        "pivot": [
          5,
          22,
          0
        ],
        "parent": "leftArm"
      },
      {
        "name": "jacket",
        "cubes": [
          {
            "origin": [ -4, 12, -2 ],
            "inflate": 0.25,
            "uv": [ 16, 32 ],
            "size": [ 8, 12, 4 ]
          }
        ],
        "pivot": [
          0,
          24,
          0
        ],
        "parent": "body"
      },
      {
        "name": "head",
        "cubes": [
          {
            "origin": [ -4, 24, -4 ],
            "uv": [ 0, 0 ],
            "size": [ 8, 8, 8 ]
          }
        ],
        "pivot": [
          0,
          24,
          0
        ],
        "parent": "body"
      },
      {
        "name": "hat",
        "cubes": [
          {
            "origin": [ -4, 24, -4 ],
            "inflate": 0.5,
            "uv": [ 32, 0 ],
            "size": [ 8, 8, 8 ]
          }
        ],
        "pivot": [
          0,
          24,
          0
        ],
        "parent": "head"
      },
      {
        "name": "helmet",
        "cubes": [
          {
            "origin": [ -1, 26, -6 ],
            "uv": [ 56, 16 ],
            "size": [ 2, 2, 2 ]
          },
          {
            "origin": [ -4.9, 30, -2 ],
            "uv": [ 56, 29 ],
            "size": [ 1, 5, 1 ]
          },
          {
            "origin": [ -7.9, 33, -2 ],
            "uv": [ 60, 29 ],
            "size": [ 1, 3, 1 ]
          },
          {
            "origin": [ -6.9, 33, -2 ],
            "uv": [ 56, 36 ],
            "size": [ 2, 1, 1 ]
          },
          {
            "origin": [ 3.9, 30, -2 ],
            "uv": [ 56, 20 ],
            "size": [ 1, 5, 1 ]
          },
          {
            "origin": [ 6.9, 33, -2 ],
            "uv": [ 60, 20 ],
            "size": [ 1, 3, 1 ]
          },
          {
            "origin": [ 4.9, 33, -2 ],
            "uv": [ 56, 27 ],
            "size": [ 2, 1, 1 ]
          }
        ],
        "pivot": [
          0,
          24,
          0
        ],
        "parent": "head"
      },
      {
        "name": "rightLeg",
        "cubes": [
          {
            "origin": [ -3.9, 0, -2 ],
            "uv": [ 0, 16 ],
            "size": [ 4, 12, 4 ]
          }
        ],
        "pivot": [
          -1.9,
          12,
          0
        ]
      },
      {
        "name": "rightPants",
        "cubes": [
          {
            "origin": [ -3.9, 0, -2 ],
            "inflate": 0.25,
            "uv": [ 0, 32 ],
            "size": [ 4, 12, 4 ]
          }
        ],
        "pivot": [
          -1.9,
          12,
          0
        ],
        "parent": "rightLeg"
      },
      {
        "name": "leftLeg",
        "cubes": [
          {
            "origin": [ -0.1, 0, -2 ],
            "uv": [ 16, 48 ],
            "size": [ 4, 12, 4 ]
          }
        ],
        "pivot": [
          1.9,
          12,
          0
        ]
      },
      {
        "name": "leftPants",
        "cubes": [
          {
            "origin": [ -0.1, 0, -2 ],
            "inflate": 0.25,
            "uv": [ 0, 48 ],
            "size": [ 4, 12, 4 ]
          }
        ],
        "pivot": [
          1.9,
          12,
          0
        ],
        "parent": "leftLeg"
      }
    ]
  },
  "geometry.Festive.santa": {
    "bones": [
      {
        "name": "body",
        "cubes": [
          {
            "origin": [ -4, 12, -2 ],
            "uv": [ 16, 16 ],
            "size": [ 8, 12, 4 ]
          }
        ],
        "pivot": [
          0,
          24,
          0
        ]
      },
      {
        "name": "head",
        "cubes": [
          {
            "origin": [ -4, 24, -4 ],
            "uv": [ 0, 0 ],
            "size": [ 8, 8, 8 ]
          }
        ],
        "pivot": [
          0,
          24,
          0
        ],
        "parent": "body"
      },
      {
        "name": "hat",
        "cubes": [
          {
            "origin": [ -4, 24, -4 ],
            "inflate": 0.5,
            "uv": [ 32, 0 ],
            "size": [ 8, 8, 8 ]
          }
        ],
        "pivot": [
          0,
          24,
          0
        ],
        "parent": "head"
      },
      {
        "name": "helmet",
        "cubes": [
          {
            "origin": [ -5, 29, -5 ],
            "uv": [ 24, 50 ],
            "size": [ 10, 4, 10 ]
          },
          {
            "origin": [ -2.977268, 31, -3.99659 ],
            "uv": [ 0, 49 ],
            "size": [ 9, 3, 8 ]
          },
          {
            "origin": [ -0.9964308, 34, -2 ],
            "uv": [ 0, 43 ],
            "size": [ 5, 1, 5 ]
          },
          {
            "origin": [ 5, 28, -0.9999998 ],
            "uv": [ 0, 34 ],
            "size": [ 2, 5, 4 ]
          },
          {
            "origin": [ 6, 26, 2.11224e-07 ],
            "uv": [ 56, 24 ],
            "size": [ 0.9999994, 2, 2 ]
          },
          {
            "origin": [ 5, 25, -0.9999998 ],
            "uv": [ 56, 28 ],
            "size": [ 2, 2, 2 ]
          }
        ],
        "pivot": [
          0,
          24,
          0
        ],
        "parent": "head"
      },
      {
        "name": "rightArm",
        "cubes": [
          {
            "origin": [ -8, 12, -2 ],
            "uv": [ 40, 16 ],
            "size": [ 4, 12, 4 ]
          }
        ],
        "pivot": [
          -5,
          22,
          0
        ],
        "parent": "body"
      },
      {
        "name": "rightSleeve",
        "cubes": [
          {
            "origin": [ -8, 12, -2 ],
            "inflate": 0.25,
            "uv": [ 40, 32 ],
            "size": [ 4, 12, 4 ]
          }
        ],
        "pivot": [
          -5,
          22,
          0
        ],
        "parent": "rightArm"
      },
      {
        "name": "leftArm",
        "cubes": [
          {
            "origin": [ 4, 12, -2 ],
            "uv": [ 40, 16 ],
            "size": [ 4, 12, 4 ]
          }
        ],
        "pivot": [
          5,
          22,
          0
        ],
        "mirror": true,
        "parent": "body"
      },
      {
        "name": "leftSleeve",
        "cubes": [
          {
            "origin": [ 4, 12, -2 ],
            "inflate": 0.25,
            "uv": [ 40, 32 ],
            "size": [ 4, 12, 4 ]
          }
        ],
        "pivot": [
          5,
          22,
          0
        ],
        "mirror": true,
        "parent": "leftArm"
      },
      {
        "name": "jacket",
        "cubes": [
          {
            "origin": [ -4, 12, -2 ],
            "inflate": 0.25,
            "uv": [ 16, 32 ],
            "size": [ 8, 12, 4 ]
          }
        ],
        "pivot": [
          0,
          24,
          0
        ],
        "parent": "body"
      },
      {
        "name": "rightLeg",
        "cubes": [
          {
            "origin": [ -3.9, 1.525879e-07, -2 ],
            "uv": [ 0, 16 ],
            "size": [ 4, 12, 4 ]
          }
        ],
        "pivot": [
          -1.9,
          12,
          0
        ]
      },
      {
        "name": "leftLeg",
        "cubes": [
          {
            "origin": [ -0.09999985, 1.525879e-07, -2 ],
            "uv": [ 0, 16 ],
            "size": [ 4, 12, 4 ]
          }
        ],
        "pivot": [
          1.9,
          12,
          0
        ],
        "mirror": true
      }
    ]
  },
  "geometry.Festive.snowsuit": {
    "bones": [
      {
        "name": "body",
        "cubes": [
          {
            "origin": [ -4, 12, -2 ],
            "uv": [ 16, 16 ],
            "size": [ 8, 12, 4 ]
          }
        ],
        "pivot": [
          0,
          24,
          0
        ]
      },
      {
        "name": "rightArm",
        "cubes": [
          {
            "origin": [ -8, 12, -2 ],
            "uv": [ 40, 16 ],
            "size": [ 4, 12, 4 ]
          }
        ],
        "pivot": [
          -5,
          22,
          0
        ],
        "parent": "body"
      },
      {
        "name": "rightSleeve",
        "cubes": [
          {
            "origin": [ -8, 12, -2 ],
            "inflate": 0.25,
            "uv": [ 40, 32 ],
            "size": [ 4, 12, 4 ]
          }
        ],
        "pivot": [
          -5,
          22,
          0
        ],
        "parent": "rightArm"
      },
      {
        "name": "leftArm",
        "cubes": [
          {
            "origin": [ 4, 12, -2 ],
            "uv": [ 32, 48 ],
            "size": [ 4, 12, 4 ]
          }
        ],
        "pivot": [
          5,
          22,
          0
        ],
        "parent": "body"
      },
      {
        "name": "leftSleeve",
        "cubes": [
          {
            "origin": [ 4, 12, -2 ],
            "inflate": 0.25,
            "uv": [ 48, 48 ],
            "size": [ 4, 12, 4 ]
          }
        ],
        "pivot": [
          5,
          22,
          0
        ],
        "parent": "leftArm"
      },
      {
        "name": "jacket",
        "cubes": [
          {
            "origin": [ -4, 12, -2 ],
            "inflate": 0.25,
            "uv": [ 16, 32 ],
            "size": [ 8, 12, 4 ]
          }
        ],
        "pivot": [
          0,
          24,
          0
        ],
        "parent": "body"
      },
      {
        "name": "head",
        "cubes": [
          {
            "origin": [ -4, 24, -4 ],
            "uv": [ 0, 0 ],
            "size": [ 8, 8, 8 ]
          }
        ],
        "pivot": [
          0,
          24,
          0
        ],
        "parent": "body"
      },
      {
        "name": "hat",
        "cubes": [
          {
            "origin": [ -4, 24, -4 ],
            "inflate": 0.5,
            "uv": [ 32, 0 ],
            "size": [ 8, 8, 8 ]
          }
        ],
        "pivot": [
          0,
          24,
          0
        ],
        "parent": "head"
      },
      {
        "name": "helmet",
        "cubes": [
          {
            "origin": [ 0, 31, 0 ],
            "uv": [ 0, 0 ],
            "size": [ 2, 3, 2 ]
          },
          {
            "origin": [ -1, 32, 0 ],
            "uv": [ 24, 0 ],
            "size": [ 4, 1, 2 ]
          },
          {
            "origin": [ 0, 32, -1 ],
            "uv": [ 24, 3 ],
            "size": [ 2, 1, 4 ]
          }
        ],
        "pivot": [
          0,
          24,
          0
        ],
        "parent": "head"
      },
      {
        "name": "rightLeg",
        "cubes": [
          {
            "origin": [ -3.9, 1.525879e-07, -2 ],
            "uv": [ 0, 16 ],
            "size": [ 4, 12, 4 ]
          }
        ],
        "pivot": [
          -1.9,
          12,
          0
        ]
      },
      {
        "name": "rightPants",
        "cubes": [
          {
            "origin": [ -3.9, 1.525879e-07, -2 ],
            "inflate": 0.2500002,
            "uv": [ 0, 32 ],
            "size": [ 4, 12, 4 ]
          }
        ],
        "pivot": [
          -1.9,
          12,
          0
        ],
        "parent": "rightLeg"
      },
      {
        "name": "leftLeg",
        "cubes": [
          {
            "origin": [ -0.09999985, 1.525879e-07, -2 ],
            "uv": [ 16, 48 ],
            "size": [ 4, 12, 4 ]
          }
        ],
        "pivot": [
          1.9,
          12,
          0
        ]
      },
      {
        "name": "leftPants",
        "cubes": [
          {
            "origin": [ -0.09999985, 1.525879e-07, -2 ],
            "inflate": 0.2500002,
            "uv": [ 0, 48 ],
            "size": [ 4, 12, 4 ]
          }
        ],
        "pivot": [
          1.9,
          12,
          0
        ],
        "parent": "leftLeg"
      }
    ]
  },
  "geometry.Festive.tomte": {
		"bones": [
            {	"name": "body",
                "cubes": [
                    {	"origin": [-4,12,-2],
                        "uv": [16,16],
                        "size": [8,12,4]
                    }
                ],
                "pivot": [
                    0,
                    24,
                    0
                ]
            },
            {	"name": "head",
                "cubes": [
                    {	"origin": [-4,24,-4],
                        "uv": [0,0],
                        "size": [8,8,8]
                    }
                ],
                "pivot": [
                    0,
                    24,
                    0
                ],
                "parent": "body"
            },
            {	"name": "hat",
                "cubes": [
                    {	"origin": [-4,24,-4],
                        "inflate": 0.5,
                        "uv": [32,0],
                        "size": [8,8,8]
                    }
                ],
                "pivot": [
                    0,
                    24,
                    0
                ],
                "parent": "head"
            },
            {	"name": "helmet",
                "cubes": [
                    {	"origin": [-5.000003,28,-5],
                        "uv": [24,52],
                        "size": [10,2,10]
                    },
                    {	"origin": [-3.000001,32,-2.999998],
                        "uv": [0,55],
                        "size": [6,3,6]
                    },
                    {	"origin": [-1,38,-1.000001],
                        "uv": [18,56],
                        "size": [2,3,2.000001]
                    },
                    {	"origin": [-2.000001,35,-2],
                        "uv": [0,48],
                        "size": [4,3.000005,4]
                    }
                ],
                "pivot": [
                    0,
                    24,
                    5.684342e-16
                ],
                "parent": "head"
            },
            {	"name": "leftArm",
                "cubes": [
                    {	"origin": [4,11.5,-2],
                        "uv": [40,16],
                        "size": [3,12,4]
                    }
                ],
                "pivot": [
                    5,
                    21.5,
                    0
                ],
                "mirror": true,
                "parent": "body"
            },
            {	"name": "leftSleeve",
                "cubes": [
                    {	"origin": [4,11.5,-2],
                        "inflate": 0.25,
                        "uv": [40,32],
                        "size": [3,12,4]
                    }
                ],
                "pivot": [
                    5,
                    21.5,
                    0
                ],
                "mirror": true,
                "parent": "leftArm"
            },
            {	"name": "rightArm",
                "cubes": [
                    {	"origin": [-7,11.5,-2],
                        "uv": [40,16],
                        "size": [3,12,4]
                    }
                ],
                "pivot": [
                    -5,
                    21.5,
                    0
                ],
                "parent": "body"
            },
            {	"name": "rightSleeve",
                "cubes": [
                    {	"origin": [-7,11.5,-2],
                        "inflate": 0.25,
                        "uv": [40,32],
                        "size": [3,12,4]
                    }
                ],
                "pivot": [
                    -5,
                    21.5,
                    0
                ],
                "parent": "rightArm"
            },
            {	"name": "jacket",
                "cubes": [
                    {	"origin": [-4,12,-2],
                        "inflate": 0.25,
                        "uv": [16,32],
                        "size": [8,12,4]
                    }
                ],
                "pivot": [
                    0,
                    24,
                    0
                ],
                "parent": "body"
            },
            {	"name": "leftLeg",
                "cubes": [
                    {	"origin": [-0.09999977,2.288819e-07,-2],
                        "uv": [0,16],
                        "size": [4,12,4]
                    }
                ],
                "pivot": [
                    1.9,
                    12,
                    0
                ],
                "mirror": true
            },
            {	"name": "leftPants",
                "cubes": [
                    {	"origin": [-0.09999969,2.670288e-07,-2],
                        "inflate": 0.2500003,
                        "uv": [0,32],
                        "size": [4,12,4]
                    }
                ],
                "pivot": [
                    1.9,
                    12,
                    0
                ],
                "mirror": true,
                "parent": "leftLeg"
            },
            {	"name": "rightLeg",
                "cubes": [
                    {	"origin": [-3.9,3.051758e-07,-2],
                        "uv": [0,16],
                        "size": [4,12,4]
                    }
                ],
                "pivot": [
                    -1.9,
                    12,
                    0
                ]
            },
            {	"name": "rightPants",
                "cubes": [
                    {	"origin": [-3.9,2.670288e-07,-2],
                        "inflate": 0.2500003,
                        "uv": [0,32],
                        "size": [4,12,4]
                    }
                ],
                "pivot": [
                    -1.9,
                    12,
                    0
                ],
                "parent": "rightLeg"
            }
        ]
    }

}
