{
    "__comment": "Fair warning, this format is highly likely to change even more in the future!",
    "textures": {
        "particle": "blocks/bed_head_top",
        "top": "blocks/bed_head_top",
        "bottom": "blocks/planks_oak",
        "end": "blocks/bed_head_end",
        "side": "blocks/bed_head_side"
    },
    "elements": [
       {   "__comment": "red_head",
            "from": [ -0.5, 5, 0 ],
            "to": [ 16.5, 9, 8 ],
            "faces": {
                "down":  { "uv": [ 0, 16, 8, 0 ], "texture": "#top", "rotation": 90 },
                "up":    { "uv": [ 0, 16, 8, 0 ], "texture": "#top", "rotation": 90 },
                "west":  { "uv": [ 0, 7, 8, 11 ], "texture": "#side" },
                "east":  { "uv": [ 8, 7, 0, 11 ], "texture": "#side" }
            }
        },
		{   "__comment": "pillow",
            "from": [ -0.5, 5, 8 ],
            "to": [ 16.5, 10, 16 ],
            "faces": {
                "down":  { "uv": [ 8, 16, 16, 0 ], "texture": "#bottom", "rotation": 90 },
                "up":    { "uv": [ 8, 16, 16, 0 ], "texture": "#top", "rotation": 90 },
                "west":  { "uv": [ 8, 7, 16, 11 ], "texture": "#side" },
				"north": { "uv": [ 8, 15, 16, 16 ], "texture": "#top" },
                "south": { "uv": [ 0, 7, 16, 11 ], "texture": "#end" },
                "east":  { "uv": [ 16, 7, 8, 11 ], "texture": "#side" }
            }
        },
		{   "__comment": "wood_head",
            "from": [ 0, 3, 0 ],
            "to": [ 16, 5, 16 ],
            "faces": {
                "down":  { "uv": [ 0, 0, 16, 16 ], "texture": "#bottom" },
                "south": { "uv": [ 0, 11, 16, 13 ], "texture": "#end" },
                "west":  { "uv": [ 0, 11, 16, 13 ], "texture": "#side" },
                "east":  { "uv": [ 16, 11, 0, 13 ], "texture": "#side" }
			}
		},
		{   "__comment": "right_front",
            "from": [ 0, 0, 15 ],
            "to": [ 3, 3, 16 ],
            "faces": {
                "down":  { "uv": [ 0, 16, 3, 15 ], "texture": "#bottom" },
                "north": { "uv": [ 13, 16, 16, 13 ], "texture": "#side" },
                "west":  { "uv": [ 15, 16, 16, 13 ], "texture": "#side" },
				"south": { "uv": [ 0, 16, 3, 13 ], "texture": "#end" },
                "east":  { "uv": [ 15, 16, 16, 13 ], "texture": "#side" }
			}
		},
		{   "__comment": "right_side",
            "from": [ 0, 0, 13 ],
            "to": [ 1, 3, 15 ],
            "faces": {
                "down":  { "uv": [ 15, 15, 16, 13 ], "texture": "#bottom" },
                "west":  { "uv": [ 13, 16, 15, 13 ], "texture": "#side" },
				"north": { "uv": [ 0, 16, 1, 13 ], "texture": "#end" },
                "east":  { "uv": [ 13, 16, 15, 13 ], "texture": "#side" }
			}
		},
		{   "__comment": "left_front",
            "from": [ 13, 0, 15 ],
            "to": [ 16, 3, 16 ],
            "faces": {
                "down":  { "uv": [ 0, 16, 3, 15 ], "texture": "#bottom" },
                "north": { "uv": [ 0, 16, 3, 13 ], "texture": "#end" },
                "west":  { "uv": [ 15, 16, 16, 13 ], "texture": "#side" },
				"south": { "uv": [ 0, 16, 3, 13 ], "texture": "#end" },
                "east":  { "uv": [ 15, 16, 16, 13 ], "texture": "#side" }
			}
		},
		{   "__comment": "left_side",
            "from": [ 15, 0, 13 ],
            "to": [ 16, 3, 15 ],
            "faces": {
                "down":  { "uv": [ 15, 15, 16, 13 ], "texture": "#bottom" },
                "west":  { "uv": [ 13, 16, 15, 13 ], "texture": "#side" },
				"north": { "uv": [ 0, 16, 1, 13 ], "texture": "#end" },
                "east":  { "uv": [ 13, 16, 15, 13 ], "texture": "#side", "rotation": 180 }
			}
		}
    ]
}
