{
    "textures": {
        "top": "blocks/log_birch_top",
        "side": "blocks/log_birch",
        "particle": "blocks/log_birch_top"
    },
    "elements": [
        {
            "from": [0,0,0],
            "to": [16,16,16],
            "faces": {
                "up": {
                    "uv": [0,0,16,16],
                    "texture": "#side"
                },
                "down": {
                    "uv": [0,0,16,16],
                    "texture": "#side"
                },
                "west": {
                    "uv": [0,0,16,16],
                    "texture": "#side",
                    "rotation": 90
                },
                "east": {
                    "uv": [0,0,16,16],
                    "texture": "#side",
                    "rotation": 90
                },
                "north": {
                    "uv": [1.6,1.6,14.4,14.4],
                    "texture": "#top"
                },
                "south": {
                    "uv": [1.6,1.6,14.4,14.4],
                    "texture": "#top"
                }
            }
        },
        {
            "from": [2,16,0],
            "to": [14,17,16],
            "faces": {
                "up": {
                    "uv": [2,0,14,16],
                    "texture": "#side"
                },
                "west": {
                    "uv": [1,0,2,16],
                    "texture": "#side",
                    "rotation": 90
                },
                "east": {
                    "uv": [14,0,15,16],
                    "texture": "#side",
                    "rotation": 90
                },
                "north": {
                    "uv": [3.2,0.8,12.8,1.6],
                    "texture": "#top"
                },
                "south": {
                    "uv": [3.2,0.8,12.8,1.6],
                    "texture": "#top"
                }
            }
        },
        {
            "from": [2,-1,0],
            "to": [14,0,16],
            "faces": {
                "down": {
                    "uv": [2,0,14,16],
                    "texture": "#side"
                },
                "west": {
                    "uv": [6,0,7,16],
                    "texture": "#side",
                    "rotation": 90
                },
                "east": {
                    "uv": [9,0,10,16],
                    "texture": "#side",
                    "rotation": 90
                },
                "north": {
                    "uv": [3.2,14.4,12.8,15.2],
                    "texture": "#top"
                },
                "south": {
                    "uv": [3.2,14.4,12.8,15.2],
                    "texture": "#top"
                }
            }
        },
        {
            "from": [-1,2,0],
            "to": [0,14,16],
            "faces": {
                "up": {
                    "uv": [2,0,3,16],
                    "texture": "#side"
                },
                "down": {
                    "uv": [5,0,6,16],
                    "texture": "#side"
                },
                "west": {
                    "uv": [2,0,14,16],
                    "texture": "#side",
                    "rotation": 90
                },
                "north": {
                    "uv": [0.8,3.2,1.6,12.8],
                    "texture": "#top"
                },
                "south": {
                    "uv": [0.8,3.2,1.6,12.8],
                    "texture": "#top"
                }
            }
        },
        {
            "from": [16,2,0],
            "to": [17,14,16],
            "faces": {
                "up": {
                    "uv": [13,0,14,16],
                    "texture": "#side"
                },
                "down": {
                    "uv": [11,0,12,16],
                    "texture": "#side"
                },
                "east": {
                    "uv": [2,0,14,16],
                    "texture": "#side",
                    "rotation": 90
                },
                "north": {
                    "uv": [14.4,3.2,15.2,12.8],
                    "texture": "#top"
                },
                "south": {
                    "uv": [14.4,3.2,15.2,12.8],
                    "texture": "#top"
                }
            }
        },
        {
            "from": [17,4,0],
            "to": [18,12,16],
            "faces": {
                "up": {
                    "uv": [12,0,13,16],
                    "texture": "#side"
                },
                "down": {
                    "uv": [12,0,13,16],
                    "texture": "#side"
                },
                "east": {
                    "uv": [4,0,12,16],
                    "texture": "#side",
                    "rotation": 90
                },
                "north": {
                    "uv": [15.2,4.8,16,11.2],
                    "texture": "#top"
                },
                "south": {
                    "uv": [15.2,4.8,16,11.2],
                    "texture": "#top"
                }
            }
        },
        {
            "from": [-2,4,0],
            "to": [-1,12,16],
            "faces": {
                "up": {
                    "uv": [3,0,4,16],
                    "texture": "#side"
                },
                "down": {
                    "uv": [4,0,5,16],
                    "texture": "#side"
                },
                "west": {
                    "uv": [3,0,13,16],
                    "texture": "#side",
                    "rotation": 90
                },
                "north": {
                    "uv": [0,4.8,0.8,11.2],
                    "texture": "#top"
                },
                "south": {
                    "uv": [0,4.8,0.8,11.2],
                    "texture": "#top"
                }
            }
        },
        {
            "from": [4,17,0],
            "to": [12,18,16],
            "faces": {
                "up": {
                    "uv": [4,0,12,16],
                    "texture": "#side"
                },
                "west": {
                    "uv": [0,0,1,16],
                    "texture": "#side",
                    "rotation": 90
                },
                "east": {
                    "uv": [15,0,16,16],
                    "texture": "#side",
                    "rotation": 90
                },
                "north": {
                    "uv": [4.8,0,11.2,0.8],
                    "texture": "#top"
                },
                "south": {
                    "uv": [4.8,0,11.2,0.8],
                    "texture": "#top"
                }
            }
        },
        {
            "from": [4,-2,0],
            "to": [12,-1,16],
            "faces": {
                "down": {
                    "uv": [4,0,12,16],
                    "texture": "#side"
                },
                "west": {
                    "uv": [7,0,8,16],
                    "texture": "#side",
                    "rotation": 90
                },
                "east": {
                    "uv": [8,0,9,16],
                    "texture": "#side",
                    "rotation": 90
                },
                "north": {
                    "uv": [4.8,15.2,11.2,16],
                    "texture": "#top"
                },
                "south": {
                    "uv": [4.8,15.2,11.2,16],
                    "texture": "#top"
                }
            }
        }
    ]
}