{
"__comment":"Made by Know2Good, part of the 'Default 3D™' resource pack || Official download page: http://www.planetminecraft.com/texture_pack/default-3d-2985741/ || © Know2Good. All rights reserved. ",
"ambientocclusion": false,
"textures": {
	"block": "blocks/door_dark_oak_upper",
	"particle":"blocks/door_dark_oak_upper"
},
"elements":[
	{
		"type":"cube", //The inner block
		"from":[0.75,0,0],
		"to":[2.25,16.001,15],
		"rotation": {"origin": [ 8, 1, 8 ], "axis": "y", "angle": 0 },
		"faces": {
			"up":{"uv":[1,1,16,2],"texture":"#block","cullface":"Know2Good","rotation":270},
			"north":{"uv":[15,0,16,16],"texture":"#block","cullface":"Know2Good"},
			"west":{"uv":[16,0,1,16],"texture":"#block","cullface":"Know2Good"},
			"east":{"uv":[1,0,16,16],"texture":"#block","cullface":"Know2Good"}
		}
	},
	{
		"type":"cube", //Bottom hinge
		"from":[-0.25,0,15],
		"to":[3.25,1,16.25],
		"rotation": {"origin": [ 8, 1, 8 ], "axis": "y", "angle": 0 },
		"faces": {
			"up":{"uv":[0,15,1,16],"texture":"#block","cullface":"Know2Good","rotation":270},
			"down":{"uv":[0,15,1,16],"texture":"#block","cullface":"Know2Good","rotation":90},
			"north":{"uv":[0,15,1,16],"texture":"#block","cullface":"Know2Good"},
			"south":{"uv":[0,15,1,16],"texture":"#block","cullface":"Know2Good"},
			"west":{"uv":[1,15,0,16],"texture":"#block","cullface":"Know2Good"},
			"east":{"uv":[0,15,1,16],"texture":"#block","cullface":"Know2Good"}
		}
	},
	{
		"type":"cube", //Top hinge
		"from":[-0.25,10,15],
		"to":[3.25,12,16.25],
		"rotation": {"origin": [ 8, 1, 8 ], "axis": "y", "angle": 0 },
		"faces": {
			"up":{"uv":[0,4,1,5],"texture":"#block","cullface":"Know2Good","rotation":270},
			"down":{"uv":[0,5,1,6],"texture":"#block","cullface":"Know2Good","rotation":90},
			"north":{"uv":[0,4,1,6],"texture":"#block","cullface":"Know2Good"},
			"south":{"uv":[0,4,1,6],"texture":"#block","cullface":"Know2Good"},
			"west":{"uv":[1,4,0,6],"texture":"#block","cullface":"Know2Good"},
			"east":{"uv":[0,4,1,6],"texture":"#block","cullface":"Know2Good"}
		}
	},
	{
		"type":"cube", //Middle hinge side
		"from":[1,0.001,15],
		"to":[2,15.999,16],
		"rotation": {"origin": [ 8, 1, 8 ], "axis": "y", "angle": 0 },
		"faces": {
			"up":{"uv":[1,0,2,1],"texture":"#block","cullface":"up"},
			"south":{"uv":[1,0,2,16],"texture":"#block","cullface":"Know2Good"}
		}
	},
	{
		"type":"cube", //Hinge side (east)
		"from":[2,0,14],
		"to":[3,15.999,16],
		"rotation": {"origin": [ 8, 1, 8 ], "axis": "y", "angle": 0 },
		"faces": {
			"up":{"uv":[0,0,2,1],"texture":"#block","cullface":"Know2Good","rotation":270},
			"north":{"uv":[1,0,2,16],"texture":"#block","cullface":"Know2Good"},
			"south":{"uv":[0,0,1,16],"texture":"#block","cullface":"Know2Good"},
			"east":{"uv":[0,0,2,16],"texture":"#block","cullface":"Know2Good"}
		}
	},
	{
		"type":"cube", //Hinge side (west)
		"from":[0,0,14],
		"to":[1,15.999,16],
		"rotation": {"origin": [ 8, 1, 8 ], "axis": "y", "angle": 0 },
		"faces": {
			"up":{"uv":[0,0,2,1],"texture":"#block","cullface":"Know2Good","rotation":270},
			"north":{"uv":[1,0,2,16],"texture":"#block","cullface":"Know2Good"},
			"south":{"uv":[0,0,1,16],"texture":"#block","cullface":"Know2Good"},
			"west":{"uv":[2,0,0,16],"texture":"#block","cullface":"Know2Good"}
		}
	},
	{
		"type":"cube", //Top center
		"from":[0,14,2],
		"to":[3,15.999,14],
		"rotation": {"origin": [ 8, 1, 8 ], "axis": "y", "angle": 0 },
		"faces": {
			"up":{"uv":[2,0,14,1],"texture":"#block","cullface":"Know2Good","rotation":270},
			"down":{"uv":[2,1,14,2],"texture":"#block","cullface":"Know2Good","rotation":90},
			"west":{"uv":[14,0,2,2],"texture":"#block","cullface":"Know2Good"},
			"east":{"uv":[2,0,14,2],"texture":"#block","cullface":"Know2Good"}
		}
	},
	{
		"type":"cube", //Bottom center
		"from":[0,0,2],
		"to":[3,1,14],
		"rotation": {"origin": [ 8, 1, 8 ], "axis": "y", "angle": 0 },
		"faces": {
			"up":{"uv":[2,15,14,16],"texture":"#block","cullface":"Know2Good","rotation":270},
			"west":{"uv":[14,15,2,16],"texture":"#block","cullface":"Know2Good"},
			"east":{"uv":[2,15,14,16],"texture":"#block","cullface":"Know2Good"}
		}
	},
	{
		"type":"cube", //Middle
		"from":[0,1,7],
		"to":[3,14,9],
		"rotation": {"origin": [ 8, 1, 8 ], "axis": "y", "angle": 0 },
		"faces": {
			"north":{"uv":[8,2,9,15],"texture":"#block","cullface":"Know2Good"},
			"south":{"uv":[7,2,8,15],"texture":"#block","cullface":"Know2Good"},
			"west":{"uv":[9,2,7,15],"texture":"#block","cullface":"Know2Good"},
			"east":{"uv":[7,2,9,15],"texture":"#block","cullface":"Know2Good"}
		}
	},
	{
		"type":"cube", //Right
		"from":[0,0,1],
		"to":[3,15.999,2],
		"rotation": {"origin": [ 8, 1, 8 ], "axis": "y", "angle": 0 },
		"faces": {
			"up":{"uv":[14,0,15,1],"texture":"#block","cullface":"Know2Good","rotation":270},
			"north":{"uv":[14,0,15,16],"texture":"#block","cullface":"Know2Good"},
			"south":{"uv":[14,0,15,16],"texture":"#block","cullface":"Know2Good"},
			"west":{"uv":[15,0,14,16],"texture":"#block","cullface":"Know2Good"},
			"east":{"uv":[14,0,15,16],"texture":"#block","cullface":"Know2Good"}
		}
	},
	{
		"type":"cube", //Left detail 1
		"from":[-0.25,1,9],
		"to":[3.25,14,14],
		"rotation": {"origin": [ 8, 1, 8 ], "axis": "y", "angle": 0 },
		"faces": {
			"up":{"uv":[2,2,7,3],"texture":"#block","cullface":"Know2Good","rotation":270},
			"down":{"uv":[2,14,7,15],"texture":"#block","cullface":"Know2Good","rotation":90},
			"north":{"uv":[6,2,7,15],"texture":"#block","cullface":"Know2Good"},
			"south":{"uv":[2,2,3,15],"texture":"#block","cullface":"Know2Good"},
			"west":{"uv":[7,2,2,15],"texture":"#block","cullface":"Know2Good"},
			"east":{"uv":[2,2,7,15],"texture":"#block","cullface":"Know2Good"}
		}
	},
	{
		"type":"cube", //Left detail 2
		"from":[-0.5,2,10],
		"to":[3.5,13,13],
		"rotation": {"origin": [ 8, 1, 8 ], "axis": "y", "angle": 0 },
		"faces": {
			"up":{"uv":[3,3,6,4],"texture":"#block","cullface":"Know2Good","rotation":270},
			"down":{"uv":[3,13,6,14],"texture":"#block","cullface":"Know2Good","rotation":90},
			"north":{"uv":[5,3,6,14],"texture":"#block","cullface":"Know2Good"},
			"south":{"uv":[3,3,4,14],"texture":"#block","cullface":"Know2Good"},
			"west":{"uv":[6,3,3,14],"texture":"#block","cullface":"Know2Good"},
			"east":{"uv":[3,3,6,14],"texture":"#block","cullface":"Know2Good"}
		}
	},
	{
		"type":"cube", //Right detail 1
		"from":[-0.25,1,2],
		"to":[3.25,14,7],
		"rotation": {"origin": [ 8, 1, 8 ], "axis": "y", "angle": 0 },
		"faces": {
			"up":{"uv":[9,2,14,3],"texture":"#block","cullface":"Know2Good","rotation":270},
			"down":{"uv":[9,14,8,15],"texture":"#block","cullface":"Know2Good","rotation":90},
			"north":{"uv":[13,2,14,15],"texture":"#block","cullface":"Know2Good"},
			"south":{"uv":[9,2,10,15],"texture":"#block","cullface":"Know2Good"},
			"west":{"uv":[14,2,9,15],"texture":"#block","cullface":"Know2Good"},
			"east":{"uv":[9,2,14,15],"texture":"#block","cullface":"Know2Good"}
		}
	},
	{
		"type":"cube", //Right detail 2
		"from":[-0.5,2,3],
		"to":[3.5,13,6],
		"rotation": {"origin": [ 8, 1, 8 ], "axis": "y", "angle": 0 },
		"faces": {
			"up":{"uv":[10,3,13,4],"texture":"#block","cullface":"Know2Good","rotation":270},
			"down":{"uv":[10,13,13,14],"texture":"#block","cullface":"Know2Good","rotation":90},
			"north":{"uv":[12,3,13,14],"texture":"#block","cullface":"Know2Good"},
			"south":{"uv":[10,3,11,14],"texture":"#block","cullface":"Know2Good"},
			"west":{"uv":[13,3,10,14],"texture":"#block","cullface":"Know2Good"},
			"east":{"uv":[10,3,13,14],"texture":"#block","cullface":"Know2Good"}
		}
	},
	{
		"type":"cube", //Handle west
		"from":[-1,0,3],
		"to":[-0.5,1,5],
		"rotation": {"origin": [ 8, 1, 8 ], "axis": "y", "angle": 0 },
		"faces": {
			"up":{"uv":[11,15,13,16],"texture":"#block","cullface":"Know2Good","rotation":270},
			"down":{"uv":[11,15,13,16],"texture":"#block","cullface":"Know2Good","rotation":90},
			"north":{"uv":[12,15,13,16],"texture":"#block","cullface":"Know2Good"},
			"south":{"uv":[11,15,12,16],"texture":"#block","cullface":"Know2Good"},
			"west":{"uv":[13,15,11,16],"texture":"#block","cullface":"Know2Good"},
			"east":{"uv":[11,15,13,16],"texture":"#block","cullface":"Know2Good"}
		}
	},
	{
		"type":"cube", //Handle east
		"from":[3.5,0,3],
		"to":[4,1,5],
		"rotation": {"origin": [ 8, 1, 8 ], "axis": "y", "angle": 0 },
		"faces": {
			"up":{"uv":[11,15,13,16],"texture":"#block","cullface":"Know2Good","rotation":270},
			"down":{"uv":[11,15,13,16],"texture":"#block","cullface":"Know2Good","rotation":90},
			"north":{"uv":[12,15,13,16],"texture":"#block","cullface":"Know2Good"},
			"south":{"uv":[11,15,12,16],"texture":"#block","cullface":"Know2Good"},
			"west":{"uv":[13,15,11,16],"texture":"#block","cullface":"Know2Good"},
			"east":{"uv":[11,15,13,16],"texture":"#block","cullface":"Know2Good"}
		}
	},
	{
		"type":"cube", //Handle through
		"from":[-1,0,2],
		"to":[4,1,3],
		"rotation": {"origin": [ 8, 1, 8 ], "axis": "y", "angle": 0 },
		"faces": {
			"up":{"uv":[13,15,14,16],"texture":"#block","cullface":"Know2Good","rotation":270},
			"down":{"uv":[13,15,14,16],"texture":"#block","cullface":"Know2Good","rotation":90},
			"north":{"uv":[13,15,14,16],"texture":"#block","cullface":"Know2Good"},
			"south":{"uv":[13,15,14,16],"texture":"#block","cullface":"Know2Good"},
			"west":{"uv":[13,15,14,16],"texture":"#block","cullface":"Know2Good"},
			"east":{"uv":[13,15,14,16],"texture":"#block","cullface":"Know2Good"}
		}
	},
	{
		"type":"cube", //Prevent handle
		"from":[-0.001,0,3],
		"to":[3.001,1,5],
		"rotation": {"origin": [ 8, 1, 8 ], "axis": "y", "angle": 0 },
		"faces": {
			"up":{"uv":[4,15,6,16],"texture":"#block","cullface":"Know2Good","rotation":270},
			"down":{"uv":[4,15,6,16],"texture":"#block","cullface":"Know2Good","rotation":90},
			"north":{"uv":[5,15,6,16],"texture":"#block","cullface":"Know2Good"},
			"south":{"uv":[4,15,5,16],"texture":"#block","cullface":"Know2Good"},
			"west":{"uv":[6,15,4,16],"texture":"#block","cullface":"Know2Good"},
			"east":{"uv":[4,15,6,16],"texture":"#block","cullface":"Know2Good"}
		}
	}
],
"display": {
	"thirdperson": {
		"rotation": [ 0, 45, 1 ],
		"translation": [ 0, 0.5, 0 ],
		"scale": [ 1.1, 1.1, 1.1 ]
	},
	"firstperson": {
		"rotation": [ 0, 0, 0 ],
		"translation": [ 0, 0, 0 ],
		"scale": [ 1, 1, 1 ]
	},
	"gui": {
		"rotation": [ 0, 0, 0 ],
		"translation": [ 0, 0, 0 ],
		"scale": [ 1, 1, 1 ]
	}
}
}