{
    "__comment": "Fair warning, this format is highly likely to change even more in the future!",
    "textures": {
        "all": "blocks/rail_detector",
		"particle": "blocks/rail_detector"
    },
	"useAmbientOcclusion": false,
    "inventoryRender3D": false,
    "elements": [
        {   
            "from": [ 2, 1, 0 ],
            "to": [ 4, 1.5, 16 ],
            "faces": {
                "down": {
                    "uv": [ 2, 0, 4, 16 ],
                    "texture": "#all"
                },
                "up": {
                    "uv": [ 2, 0, 4, 16 ],
                    "texture": "#all"
                },
                "north": {
                    "uv": [ 2, 0, 4, 16 ],
                    "texture": "#all"
                },
                "south": {
                    "uv": [ 2, 0, 4, 16 ],
                    "texture": "#all"
                },
                "east": {
                    "uv": [ 3, 0, 4, 16 ],
                    "texture": "#all"
                },
                "west": {
                    "uv": [ 2, 0, 3, 16 ],
                    "texture": "#all"
                }
            }
        },
        {   
            "from": [ 12, 1, 0 ],
            "to": [ 14, 1.5, 16 ],
            "faces": {
                "down": {
                    "uv": [ 12, 0, 14, 16 ],
                    "texture": "#all"
                },
                "up": {
                    "uv": [ 12, 0, 14, 16 ],
                    "texture": "#all"
                },
                "north": {
                    "uv": [ 2, 0, 4, 16 ],
                    "texture": "#all"
                },
                "south": {
                    "uv": [ 2, 0, 4, 16 ],
                    "texture": "#all"
                },
                "east": {
                    "uv": [ 2, 0, 3, 16 ],
                    "texture": "#all"
                },
                "west": {
                    "uv": [ 3, 0, 4, 16 ],
                    "texture": "#all"
                }
            }
        },
        {   
            "from": [ 1, 0, 1 ],
            "to": [ 15, 1, 3 ],
            "faces": {
                "down": {
                    "uv": [ 4, 1, 12, 3 ],
                    "texture": "#all"
                },
                "up": {
                    "uv": [ 4, 1, 12, 3 ],
                    "texture": "#all"
                },
                "north": {
                    "uv": [ 4, 1, 12, 3 ],
                    "texture": "#all"
                },
                "south": {
                    "uv": [ 4, 1, 12, 3 ],
                    "texture": "#all"
                },
                "east": {
                    "uv": [ 14, 1, 15, 3 ],
                    "texture": "#all"
                },
                "west": {
                    "uv": [ 14, 1, 15, 3 ],
                    "texture": "#all"
                }
            }
        },
        {   
            "from": [ 1, 0, 5 ],
            "to": [ 15, 1, 7 ],
            "faces": {
                "down": {
                    "uv": [ 4, 1, 12, 3 ],
                    "texture": "#all"
                },
                "up": {
                    "uv": [ 4, 1, 12, 3 ],
                    "texture": "#all"
                },
                "north": {
                    "uv": [ 4, 1, 12, 3 ],
                    "texture": "#all"
                },
                "south": {
                    "uv": [ 4, 1, 12, 3 ],
                    "texture": "#all"
                },
                "east": {
                    "uv": [ 14, 1, 15, 3 ],
                    "texture": "#all"
                },
                "west": {
                    "uv": [ 14, 1, 15, 3 ],
                    "texture": "#all"
                }
            }
        },
        {   
            "from": [ 1, 0, 9 ],
            "to": [ 15, 1, 11 ],
            "faces": {
                "down": {
                    "uv": [ 4, 1, 12, 3 ],
                    "texture": "#all"
                },
                "up": {
                    "uv": [ 4, 1, 12, 3 ],
                    "texture": "#all"
                },
                "north": {
                    "uv": [ 4, 1, 12, 3 ],
                    "texture": "#all"
                },
                "south": {
                    "uv": [ 4, 1, 12, 3 ],
                    "texture": "#all"
                },
                "east": {
                    "uv": [ 14, 1, 15, 3 ],
                    "texture": "#all"
                },
                "west": {
                    "uv": [ 14, 1, 15, 3 ],
                    "texture": "#all"
                }
            }
        },
        {   
            "from": [ 1, 0, 13 ],
            "to": [ 15, 1, 15 ],
            "faces": {
                "down": {
                    "uv": [ 4, 13, 12, 15 ],
                    "texture": "#all"
                },
                "up": {
                    "uv": [ 4, 13, 12, 15 ],
                    "texture": "#all"
                },
                "north": {
                    "uv": [ 4, 13, 12, 15 ],
                    "texture": "#all"
                },
                "south": {
                    "uv": [ 4, 13, 12, 15 ],
                    "texture": "#all"
                },
                "east": {
                    "uv": [ 14, 13, 15, 15 ],
                    "texture": "#all"
                },
                "west": {
                    "uv": [ 14, 13, 15, 15 ],
                    "texture": "#all"
                }
            }
        },
        {   
            "from": [ 5, 1, 5 ],
            "to": [ 11, 1.5, 11 ],
            "faces": {
                "down": {
                    "uv": [ 5, 5, 11, 11 ],
                    "texture": "#all"
                },
                "up": {
                    "uv": [ 5, 5, 11, 11 ],
                    "texture": "#all"
                },
                "north": {
                    "uv": [ 5, 5, 11, 6 ],
                    "texture": "#all"
                },
                "south": {
                    "uv": [ 5, 10, 11, 11 ],
                    "texture": "#all"
                },
                "east": {
                    "uv": [ 10, 5, 11, 11 ],
                    "texture": "#all"
                },
                "west": {
                    "uv": [ 5, 5, 6, 11 ],
                    "texture": "#all"
                }
            }
        }
    ]
}
