{
"__comment":"Made by Know2Good, part of the 'Default 3D™' resource pack || Official download page: http://www.planetminecraft.com/texture_pack/default-3d-2985741/ || © Know2Good. All rights reserved. ",
"__comment":"No UV-bleed, OK coordinate, OK texture, OK cullface",
"ambientocclusion": false,

"textures": {
	"block": 	"blocks/door_iron_upper",
	"particle":	"blocks/door_iron_upper"
},
"elements":[
	{
		"__comment":"The inner block",
		"from":[0.75,0,0],
		"to":[2.25,16,15],
		"faces": {
			"up":{"uv":		[1.01,0.01,15.99,0.99],"texture":"#block","cullface":"Know2Good","rotation":270},
			"north":{"uv":	[15.01,0.01,15.99,15.99],"texture":"#block","cullface":"Know2Good"},
			"west":{"uv":	[15.99,0.01,1.01,15.99],"texture":"#block","cullface":"Know2Good"},
			"east":{"uv":	[1.01,0.01,15.99,15.99],"texture":"#block","cullface":"Know2Good"}
		}
	},
	{
		"__comment":"Bottom hinge",
		"from":[-0.25,0,15],
		"to":[3.25,1,16.25],
		"faces": {
			"up":{"uv":		[0.01,15.01,0.99,15.99],"texture":"#block","cullface":"Know2Good","rotation":270},
			"down":{"uv":	[0.01,15.01,0.99,15.99],"texture":"#block","cullface":"Know2Good","rotation":90},
			"north":{"uv":	[0.01,15.01,0.99,15.99],"texture":"#block","cullface":"Know2Good"},
			"south":{"uv":	[0.01,15.01,0.99,15.99],"texture":"#block","cullface":"Know2Good"},
			"west":{"uv":	[0.99,15.01,0.01,15.99],"texture":"#block","cullface":"Know2Good"},
			"east":{"uv":	[0.01,15.01,0.99,15.99],"texture":"#block","cullface":"Know2Good"}
		}
	},
	{
		"__comment":"Top hinge",
		"from":[-0.25,10,15],
		"to":[3.25,12,16.25],
		"faces": {
			"up":{"uv":		[0.01,4,0.99,4.99],"texture":"#block","cullface":"Know2Good","rotation":270},
			"down":{"uv":	[0.01,5,0.99,5.99],"texture":"#block","cullface":"Know2Good","rotation":90},
			"north":{"uv":	[0.01,4,0.99,5.99],"texture":"#block","cullface":"Know2Good"},
			"south":{"uv":	[0.01,4,0.99,5.99],"texture":"#block","cullface":"Know2Good"},
			"west":{"uv":	[0.99,4.01,0.01,5.99],"texture":"#block","cullface":"Know2Good"},
			"east":{"uv":	[0.01,4.01,0.99,5.99],"texture":"#block","cullface":"Know2Good"}
		}
	},
	{
		"__comment":"Middle hinge side",
		"from":[1,0,14.98],
		"to":[2,16,16],
		"faces": {
			"up":{"uv":		[1.01,0.01,1.99,0.99],"texture":"#block","cullface":"Know2Good","rotation":270},
			"south":{"uv":	[1.01,0.01,0.99,15.99],"texture":"#block","cullface":"Know2Good"}
		}
	},
	{
		"__comment":"Hinge side (east)",
		"from":[2,0,13],
		"to":[3,16,16],
		"faces": {
			"up":{"uv":		[0.01,0.01,2.99,0.99],"texture":"#block","cullface":"Know2Good","rotation":270},
			"north":{"uv":	[2.01,0.01,2.99,15.99],"texture":"#block","cullface":"Know2Good"},
			"south":{"uv":	[0.01,0.01,0.99,15.99],"texture":"#block","cullface":"Know2Good"},
			"east":{"uv":	[0.01,0.01,2.99,15.99],"texture":"#block","cullface":"Know2Good"}
		}
	},
	{
		"__comment":"Hinge side (west)",
		"from":[0,0,13],
		"to":[1,16,16],
		"faces": {
			"up":{"uv":		[0.01,0.01,2.99,0.99],"texture":"#block","cullface":"Know2Good","rotation":270},
			"north":{"uv":	[2.01,0.01,2.99,15.99],"texture":"#block","cullface":"Know2Good"},
			"south":{"uv":	[0.01,0.01,0.99,15.99],"texture":"#block","cullface":"Know2Good"},
			"west":{"uv":	[2.99,0.01,0.01,15.99],"texture":"#block","cullface":"Know2Good"}
		}
	},
	{
		"__comment":"Right",
		"from":[0,0,0.98],
		"to":[3,16,3],
		"faces": {
			"up":{"uv":		[13.01,0.01,14.99,0.99],"texture":"#block","cullface":"Know2Good","rotation":270},
			"north":{"uv":	[14.01,0.01,14.99,15.99],"texture":"#block","cullface":"Know2Good"},
			"south":{"uv":	[13.01,0.01,13.99,15.99],"texture":"#block","cullface":"Know2Good"},
			"west":{"uv":	[14.99,0.01,13.01,15.99],"texture":"#block","cullface":"Know2Good"},
			"east":{"uv":	[13.01,0.01,14.99,15.99],"texture":"#block","cullface":"Know2Good"}
		}
	},
	{
		"__comment":"Middle 1",
		"from":[0,1.99,3],
		"to":[3,5.01,13],
		"faces": {
			"up":{"uv":		[3.01,11.01,12.99,11.99],"texture":"#block","cullface":"Know2Good","rotation":270},
			"down":{"uv":	[3.01,13.01,12.99,13.99],"texture":"#block","cullface":"Know2Good","rotation":90},
			"west":{"uv":	[12.99,11.01,3.01,13.99],"texture":"#block","cullface":"Know2Good"},
			"east":{"uv":	[3.01,11.01,12.99,13.99],"texture":"#block","cullface":"Know2Good"}
		}
	},
	{
		"__comment":"Middle 2",
		"from":[0,7.99,3],
		"to":[3,10.01,13],
		"faces": {
			"up":{"uv":		[3.01,6.01,12.99,6.99],"texture":"#block","cullface":"Know2Good","rotation":270},
			"down":{"uv":	[3.01,7.01,12.99,7.99],"texture":"#block","cullface":"Know2Good","rotation":90},
			"west":{"uv":	[12.99,6.01,3.01,7.99],"texture":"#block","cullface":"Know2Good"},
			"east":{"uv":	[3.01,6.01,12.99,7.99],"texture":"#block","cullface":"Know2Good"}
		}
	},
	{
		"__comment":"Middle 3",
		"from":[0,13,3],
		"to":[3,16,13],
		"faces": {
			"up":{"uv":		[3.01,0.01,12.99,0.99],"texture":"#block","cullface":"Know2Good","rotation":270},
			"down":{"uv":	[3.01,2.01,12.99,2.99],"texture":"#block","cullface":"Know2Good","rotation":90},
			"west":{"uv":	[12.99,0.01,3.01,2.99],"texture":"#block","cullface":"Know2Good"},
			"east":{"uv":	[3.01,0.01,12.99,2.99],"texture":"#block","cullface":"Know2Good"}
		}
	},
	{
		"__comment":"Middle",
		"from":[0,0,7],
		"to":[3,13,9],
		"faces": {
			"north":{"uv":	[8.01,3,8.99,15.99],"texture":"#block","cullface":"Know2Good"},
			"south":{"uv":	[7.01,3,7.99,15.99],"texture":"#block","cullface":"Know2Good"},
			"west":{"uv":	[8.99,3.01,7.01,15.99],"texture":"#block","cullface":"Know2Good"},
			"east":{"uv":	[7.01,3.01,8.99,15.99],"texture":"#block","cullface":"Know2Good"}
			}
		}
    ]
}