{
    "textures": {
        "particle": "#side"
    },
    "elements": [
        {
            "from": [0,0,0],
            "to": [16,16,16],
            "faces": {
                "up": {
                    "uv": [1.6,1.6,14.4,14.4],
                    "texture": "#end",
                    "cullface": up
                },
                "down": {
                    "uv": [1.6,1.6,14.4,14.4],
                    "texture": "#end",
                    "cullface": down
                },
                "west": {
                    "texture": "#side",
                    "cullface": west
                },
                "east": {
                    "texture": "#side",
                    "cullface": east
                },
                "north": {
                    "texture": "#side",
                    "cullface": north
                },
                "south": {
                    "texture": "#side",
                    "cullface": south
                }
            }
        },
        {
            "from": [16,0,2],
            "to": [17,16,14],
            "faces": {
                "up": {
                    "uv": [14.4,3.2,15.2,12.8],
                    "texture": "#end",
                    "cullface": east
                },
                "down": {
                    "uv": [14.4,3.2,15.2,12.8],
                    "texture": "#end",
                    "cullface": east
                },
                "east": {
                    "texture": "#side",
                    "cullface": east
                },
                "north": {
                    "uv": [13,0,14,16],
                    "texture": "#side",
                    "cullface": east
                },
                "south": {
                    "uv": [2,0,3,16],
                    "texture": "#side",
                    "cullface": east
                }
            }
        },
        {
            "from": [-1,0,2],
            "to": [0,16,14],
            "faces": {
                "up": {
                    "uv": [0.8,3.2,1.6,12.8],
                    "texture": "#end",
                    "cullface": west
                },
                "down": {
                    "uv": [0.8,3.2,1.6,12.8],
                    "texture": "#end",
                    "cullface": west
                },
                "west": {
                    "texture": "#side",
                    "cullface": west
                },
                "north": {
                    "uv": [2,0,3,16],
                    "texture": "#side",
                    "cullface": west
                },
                "south": {
                    "uv": [13,0,14,16],
                    "texture": "#side",
                    "cullface": west
                }
            }
        },
        {
            "from": [2,0,16],
            "to": [14,16,17],
            "faces": {
                "up": {
                    "uv": [3.2,14.4,12.8,15.2],
                    "texture": "#end",
                    "cullface": south
                },
                "down": {
                    "uv": [3.2,14.4,12.8,15.2],
                    "texture": "#end",
                    "cullface": south
                },
                "west": {
                    "uv": [2,0,3,16],
                    "texture": "#side",
                    "cullface": south
                },
                "east": {
                    "uv": [13,0,14,16],
                    "texture": "#side",
                    "cullface": south
                },
                "south": {
                    "texture": "#side",
                    "cullface": south
                }
            }
        },
        {
            "from": [2,0,-1],
            "to": [14,16,0],
            "faces": {
                "up": {
                    "uv": [3.2,0.8,12.8,1.6],
                    "texture": "#end",
                    "cullface": north
                },
                "down": {
                    "uv": [3.2,0.8,12.8,1.6],
                    "texture": "#end",
                    "cullface": north
                },
                "west": {
                    "uv": [13,0,14,16],
                    "texture": "#side",
                    "cullface": north
                },
                "east": {
                    "uv": [2,0,3,16],
                    "texture": "#side",
                    "cullface": north
                },
                "north": {
                    "texture": "#side",
                    "cullface": north
                }
            }
        },
        {
            "from": [4,0,-2],
            "to": [12,16,-1],
            "faces": {
                "up": {
                    "uv": [4.8,0,11.2,0.8],
                    "texture": "#end",
                    "cullface": north
                },
                "down": {
                    "uv": [4.8,0,11.2,0.8],
                    "texture": "#end",
                    "cullface": north
                },
                "west": {
                    "uv": [11,0,12,16],
                    "texture": "#side",
                    "cullface": north
                },
                "east": {
                    "uv": [4,0,5,16],
                    "texture": "#side",
                    "cullface": north
                },
                "north": {
                    "texture": "#side",
                    "cullface": north
                }
            }
        },
        {
            "from": [4,0,17],
            "to": [12,16,18],
            "faces": {
                "up": {
                    "uv": [4.8,15.2,11.2,16],
                    "texture": "#end",
                    "cullface": south
                },
                "down": {
                    "uv": [4.8,15.2,11.2,16],
                    "texture": "#end",
                    "cullface": south
                },
                "west": {
                    "uv": [4,0,5,16],
                    "texture": "#side",
                    "cullface": south
                },
                "east": {
                    "uv": [11,0,12,16],
                    "texture": "#side",
                    "cullface": south
                },
                "south": {
                    "uv": [4,0,12,16],
                    "texture": "#side",
                    "cullface": south
                }
            }
        },
        {
            "from": [17,0,4],
            "to": [18,16,12],
            "faces": {
                "up": {
                    "uv": [15.2,4.8,16,11.2],
                    "texture": "#end",
                    "cullface": east
                },
                "down": {
                    "uv": [15.2,4.8,16,11.2],
                    "texture": "#end",
                    "cullface": east
                },
                "east": {
                    "uv": [4,0,12,16],
                    "texture": "#side",
                    "cullface": east
                },
                "north": {
                    "uv": [11,0,12,16],
                    "texture": "#side",
                    "cullface": east
                },
                "south": {
                    "uv": [4,0,5,16],
                    "texture": "#side",
                    "cullface": east
                }
            }
        },
        {
            "from": [-2,0,4],
            "to": [-1,16,12],
            "faces": {
                "up": {
                    "uv": [0,4.8,0.8,11.2],
                    "texture": "#end",
                    "cullface": west
                },
                "down": {
                    "uv": [0,4.8,0.8,11.2],
                    "texture": "#end",
                    "cullface": west
                },
                "west": {
                    "uv": [4,0,12,16],
                    "texture": "#side",
                    "cullface": west
                },
                "north": {
                    "uv": [4,0,5,16],
                    "texture": "#side",
                    "cullface": west
                },
                "south": {
                    "uv": [11,0,12,16],
                    "texture": "#side",
                    "cullface": west
                }
            }
        }
    ]
}