{
    "textures": {
		"particle": "weeheehee/bow/body",
        "body": "weeheehee/bow/body",
		"charge": "weeheehee/bow/bow_standby"
    },
"elements":[
	{
		"type":"cube", //body
		"from":[7,8,2],
		"to":[9,10,12],
		"faces":{
			"down":{"uv":[0,6,10,8],"texture":"#body","cull":false,"rotation":270},
			"up":{"uv":[0,0,10,2],"texture":"#body","cull":false,"rotation":90},
			"north":{"uv":[12,2,14,4],"texture":"#body","cull":false},
			"south":{"uv":[10,2,12,4],"texture":"#body","cull":false},
			"west":{"uv":[0,2,10,4],"texture":"#body","cull":false},
			"east":{"uv":[10,2,0,4],"texture":"#body","cull":false}
		}
	},{
		"type":"cube", //body receiver
		"from":[7,6,6],
		"to":[9,8,12],
		"faces":{
			"down":{"uv":[4,6,10,8],"texture":"#body","cull":false,"rotation":270},
			"north":{"uv":[2,4,4,6],"texture":"#body","cull":false},
			"south":{"uv":[10,4,12,6],"texture":"#body","cull":false},
			"west":{"uv":[4,4,10,6],"texture":"#body","cull":false},
			"east":{"uv":[10,4,4,6],"texture":"#body","cull":false}
		}
	},
	{
		"type":"cube", //barrel
		"from":[7.25,8,12],
		"to":[8.75,9.5,19],
		"faces":{
			"down":{"uv":[0,13,7,14.5],"texture":"#body","cull":false,"rotation":270},
			"up":{"uv":[0,10,7,11.5],"texture":"#body","cull":false,"rotation":90},
			"south":{"uv":[6,8,8,10],"texture":"#body","cull":false},
			"west":{"uv":[0,11.5,7,13],"texture":"#body","cull":false},
			"east":{"uv":[7,11.5,0,13],"texture":"#body","cull":false}
		}
	},
	{
		"type":"cube", //body lower tip
		"from":[7.01,6,10],
		"to":[8.99,8,12],
		"rotation": {"origin": [ 8, 6, 12 ], "axis": "x", "angle": 45 },
		"faces":{
			"up":{"uv":[4,8,6,10],"texture":"#body","cull":false},
			"south":{"uv":[2,8,4,10],"texture":"#body","cull":false},
			"west":{"uv":[0,8,2,10],"texture":"#body","cull":false},
			"east":{"uv":[2,8,0,10],"texture":"#body","cull":false}
		}
	},
	{
		"type":"cube", //handle thing
		"from":[7.25,4,3],
		"to":[8.75,9,4.5],
		"rotation": {"origin": [ 8, 9, 4.5 ], "axis": "x", "angle": 22.5 },
		"faces":{
			"down":{"uv":[14.5,8.5,16,10],"texture":"#body","cull":false},
			"north":{"uv":[11,14.5,16,16],"texture":"#body","cull":false,"rotation":270},
			"south":{"uv":[11,11.5,16,13],"texture":"#body","cull":false,"rotation":270},
			"west":{"uv":[11,10,16,11.5],"texture":"#body","cull":false,"rotation":270},
			"east":{"uv":[11,13,16,14.5],"texture":"#body","cull":false,"rotation":270}
		}
	},
	{
		"type":"cube", //barrel tip
		"from":[7.5,7.99,16],
		"to":[8.5,9.75,19.5],
		"faces":{
			"down":{"uv":[7,14.5,10.5,15.5],"texture":"#body","cull":false,"rotation":90},
			"up":{"uv":[0,14.5,3.5,15.5],"texture":"#body","cull":false,"rotation":90},
			"north":{"uv":[3.5,14.5,7,15.5],"texture":"#body","cull":false,"rotation":270},
			"south":{"uv":[3.5,14.5,7,15.5],"texture":"#body","cull":false,"rotation":90},
			"west":{"uv":[7,11,10.5,14.5],"texture":"#body","cull":false},
			"east":{"uv":[10.5,11,7,14.5],"texture":"#body","cull":false}
		}
	},
	{
		"type":"cube", //rail base
		"from":[7.75,10,4],
		"to":[8.25,10.25,10],
		"faces":{
			"north":{"uv":[15,0,15.5,0.5],"texture":"#body","cull":false},
			"south":{"uv":[15,0,15.5,0.5],"texture":"#body","cull":false},
			"west":{"uv":[15,0,15.5,6],"texture":"#body","cull":false,"rotation":90},
			"east":{"uv":[15,0,15.5,6],"texture":"#body","cull":false,"rotation":270}
		}
	},
	{
		"type":"cube", //rail top
		"from":[7.5,10.25,4],
		"to":[8.5,10.5,10],
		"faces":{
			"down":{"uv":[15.5,0,16,6],"texture":"#body","cull":false},
			"up":{"uv":[15.5,0,16,6],"texture":"#body","cull":false},
			"north":{"uv":[15,0,16,1],"texture":"#body","cull":false},
			"south":{"uv":[15,1,16,2],"texture":"#body","cull":false},
			"west":{"uv":[15.5,0,16,6],"texture":"#body","cull":false,"rotation":270},
			"east":{"uv":[15.5,0,16,6],"texture":"#body","cull":false,"rotation":90}
		}
	},
	{
		"type":"cube", //left charge
		"from":[9.5,7,7.5],
		"to":[9.5,10,10.5],
		"faces":{
			"west":{"uv":[16,0,0,16],"texture":"#charge","cull":false},
			"east":{"uv":[0,0,16,16],"texture":"#charge","cull":false}
		}
	},
	{
		"type":"cube", //right charge
		"from":[6.5,7,7.5],
		"to":[6.5,10,10.5],
		"faces":{
			"west":{"uv":[0,0,16,16],"texture":"#charge","cull":false},
			"east":{"uv":[16,0,0,16],"texture":"#charge","cull":false}
		}
	}
],
    "display": {
        "thirdperson": {
            "rotation": [ -90, 0, 0 ],
            "translation": [ 0, 3, -1.75 ],
            "scale": [ 1, 1, 1 ]
        },
        "firstperson": {
            "rotation": [ 160, -25, 160 ],
            "translation": [ -14, 7, 0 ],
            "scale": [ 1, 1, 1 ]
        },
		"gui": {
			"rotation": [ 0, -15, 0 ],
			"translation": [ 0, 0, -1 ],
			"scale": [ 1.75, 1.75, 1.75 ]
		}
    }
}