{
    "textures": {
		"particle": "/weeheehee/golden_sword/arc",
		"handle": "weeheehee/golden_sword/handle",
		"handguard": "weeheehee/golden_sword/handguard",
		"edge": "weeheehee/golden_sword/edge",
		"panel": "weeheehee/golden_sword/arc",
		"blade": "weeheehee/golden_sword/bladecolor",
		"bloom": "weeheehee/golden_sword/bloom",
		"bladebloom": "weeheehee/golden_sword/bladebloom"
    },
"elements":[
	{
		"type":"cube", //This is the handle
		"from":[7.5,-2,7.5],
		"to":[8.5,4,8.5],
		"faces":{
			"down":{"uv":[4,12,6,14],"texture":"#handle","cull":false,"rotation":270},
			"north":{"uv":[2,0,4,12],"texture":"#handle","cull":false},
			"south":{"uv":[6,0,8,12],"texture":"#handle","cull":false},
			"west":{"uv":[4,0,6,12],"texture":"#handle","cull":false},
			"east":{"uv":[0,0,2,12],"texture":"#handle","cull":false}
		}
	},
	{
		"type":"cube", //Hand guard
		"from":[5,4,7],
		"to":[11,5,9],
		"faces":{
			"down":{"uv":[2,0,14,4],"texture":"#handguard","cull":false},
			"up":{"uv":[2,6,14,10],"texture":"#handguard","cull":false},
			"north":{"uv":[2,4,14,6],"texture":"handguard","cull":false,"rotation":180},
			"south":{"uv":[2,10,14,12],"texture":"#handguard","cull":false},
			"west":{"uv":[0,6,2,10],"texture":"#handguard","cull":false,"rotation":270},
			"east":{"uv":[14,6,16,10],"texture":"#handguard","cull":false,"rotation":90}
		}
	},
	{
		"type":"cube", //Front edge
		"from":[6,5,7.5],
		"to":[7,22,8.5],
		"faces":{
			"north":{"uv":[0.5,0,1,8.5],"texture":"#edge","cull":false},
			"south":{"uv":[1.5,0,2,8.5],"texture":"#edge","cull":false},
			"west":{"uv":[1,0,1.5,8.5],"texture":"#edge","cull":false},
			"east":{"uv":[0,0,0.5,8.5],"texture":"#edge","cull":false}
		}
	},
	{
		"type":"cube", //Rear edge
		"from":[9,5,7.5],
		"to":[10,24.58579,8.5],
		"faces":{
			"north":{"uv":[2.5,0,3,10.5],"texture":"#edge","cull":false},
			"south":{"uv":[3.5,0,4,10.5],"texture":"#edge","cull":false},
			"west":{"uv":[3,0,3.5,10.5],"texture":"#edge","cull":false},
			"east":{"uv":[2,0,2.5,10.5],"texture":"#edge","cull":false}
		}
	},
	{
		"type":"cube", //Bottom wedge1
		"from":[6,4,7.501],
		"to":[7,6,8.499],
		"rotation": {"origin": [ 7, 6, 8 ], "axis": "z", "angle": 45 },
		"faces":{
			"north":{"uv":[0,0,0.25,0.5],"texture":"#edge","cull":false},
			"south":{"uv":[0,0,0.25,0.5],"texture":"#edge","cull":false}
		}
	},
	{
		"type":"cube", //Bottom wedge2
		"from":[6,4,7.502],
		"to":[7,7,8.498],
		"rotation": {"origin": [ 7, 7, 8 ], "axis": "z", "angle": 45 },
		"faces":{
			"north":{"uv":[0.5,0,1,1.5],"texture":"#edge","cull":false},
			"south":{"uv":[0.5,0,1,1.5],"texture":"#edge","cull":false},
			"east":{"uv":[1.25,0,1.75,1.5],"texture":"#edge","cull":false}
		}
	},
	{
		"type":"cube", //Bottom wedge3
		"from":[6,4,7.75],
		"to":[7,8,8.25],
		"rotation": {"origin": [ 7, 8, 8 ], "axis": "z", "angle": 45 },
		"faces":{
			"north":{"uv":[1.5,0,2,2],"texture":"#edge","cull":false},
			"south":{"uv":[1.5,0,2,2],"texture":"#edge","cull":false}
		}
	},
	{
		"type":"cube", //Bottom wedge4
		"from":[6,5,7.751],
		"to":[7,9,8.249],
		"rotation": {"origin": [ 7, 9, 8 ], "axis": "z", "angle": 45 },
		"faces":{
			"north":{"uv":[2,0,2.5,2],"texture":"#edge","cull":false},
			"south":{"uv":[2,0,2.5,2],"texture":"#edge","cull":false},
			"east":{"uv":[2.5,0,2.75,2],"texture":"#edge","cull":false}
		}
	},
	{
		"type":"cube", //Top slant1
		"from":[6,22,7.499],
		"to":[7,26.65685,8.501],
		"rotation": {"origin": [ 6, 22, 8 ], "axis": "z", "angle": -45 },
		"faces":{
			"up":{"uv":[1,0,1.5,0.5],"texture":"#edge","cull":false},
			"north":{"uv":[1,2.5,0.5,0],"texture":"#edge","cull":false},
			"south":{"uv":[2,2.5,1.5,0],"texture":"#edge","cull":false},
			"west":{"uv":[1.5,2.5,1,0],"texture":"#edge","cull":false}
		}
	},
	{
		"type":"cube", //Top slant2
		"from":[6,21,7.501],
		"to":[7,25.65685,8.499],
		"rotation": {"origin": [ 6, 21, 8 ], "axis": "z", "angle": -45 },
		"faces":{
			"north":{"uv":[1,2.5,0.5,0],"texture":"#edge","cull":false},
			"south":{"uv":[2,2.5,1.5,0],"texture":"#edge","cull":false},
			"east":{"uv":[0.5,2.5,0,0],"texture":"#edge","cull":false}
		}
	}
	,
	{
		"type":"cube", //Center panel
		"from":[7,7,8],
		"to":[9,23,8],
		"faces":{
			"north":{"uv":[6,0,10,16],"texture":"#panel","cull":false},
			"south":{"uv":[6,0,10,16],"texture":"#panel","cull":false}
		}
	},
	{
		"type":"cube", //Front blade
		"from":[5.75,5,7.875],
		"to":[6,22.10355,8.125],
		"faces":{
			"north":{"uv":[0,0,16,16],"texture":"#blade","cull":false},
			"south":{"uv":[0,0,16,16],"texture":"#blade","cull":false},
			"west":{"uv":[0,0,16,16],"texture":"#blade","cull":false},
			"east":{"uv":[0,0,16,16],"texture":"#blade","cull":false}
		}
	},
	{
		"type":"cube", //Slant blade
		"from":[5.75,21.89645,7.875],
		"to":[6,26.65685,8.125],
		"rotation": {"origin": [ 6, 22, 8 ], "axis": "z", "angle": -45 },
		"faces":{
			"up":{"uv":[0,0,16,16],"texture":"#blade","cull":false},
			"north":{"uv":[0,0,16,16],"texture":"#blade","cull":false},
			"south":{"uv":[0,0,16,16],"texture":"#blade","cull":false},
			"west":{"uv":[0,0,16,16],"texture":"#blade","cull":false},
			"east":{"uv":[0,0,16,16],"texture":"#blade","cull":false}
		}
	},
	{
		"type":"cube", //Bloom panel left
		"from":[4,7,8.502],
		"to":[12,25,8.502],
		"faces":{
			"north":{"uv":[0,0,16,16],"texture":"#bloom","cull":false},
			"south":{"uv":[0,0,16,16],"texture":"#bloom","cull":false}
		}
	},
	{
		"type":"cube", //Bloom panel right
		"from":[4,7,7.498],
		"to":[12,25,7.498],
		"faces":{
			"north":{"uv":[0,0,16,16],"texture":"#bloom","cull":false},
			"south":{"uv":[0,0,16,16],"texture":"#bloom","cull":false}
		}
	},
	{
		"type":"cube", //Bloom panel blade
		"from":[0,0,8],
		"to":[16,32,8],
		"faces":{
			"north":{"uv":[0,0,16,16],"texture":"#bladebloom","cull":false},
			"south":{"uv":[0,0,16,16],"texture":"#bladebloom","cull":false},
			"west":{"uv":[0,0,16,16],"texture":"#bladebloom","cull":false},
			"east":{"uv":[0,0,16,16],"texture":"#bladbloom","cull":false}
		}
	}
],
    "display": {
        "thirdperson": {
            "rotation": [ 0, 90, 275 ],
            "translation": [ 0, 1, -4 ],
            "scale": [ 1, 1, 1 ]
        },
        "firstperson": {
            "rotation": [ 0, -135, -15 ],
            "translation": [ 0, 0, 0 ],
            "scale": [ 1.7, 1.7, 1.7 ]
        },
		"gui": {
			"rotation": [ 0, 135, -30 ],
			"translation": [ 0, -2, 0 ],
			"scale": [ 1, 1, 1 ]
		}
    }
}
